method,points,accuracy
k-means,10,0.5
gmm,10,0.5
spectral clustering $\widetilde{\rho}_1$,10,0.5
kernel k-groups $\rho_{1}$,10,0.5
kernel k-groups $\rho_{1/2}$,10,0.5
kernel k-groups $\widetilde{\rho}_{1}$,10,0.5
k-means,20,0.55
gmm,20,0.65
spectral clustering $\widetilde{\rho}_1$,20,0.75
kernel k-groups $\rho_{1}$,20,0.65
kernel k-groups $\rho_{1/2}$,20,0.65
kernel k-groups $\widetilde{\rho}_{1}$,20,0.75
k-means,30,0.6
gmm,30,0.533333333333
spectral clustering $\widetilde{\rho}_1$,30,0.7
kernel k-groups $\rho_{1}$,30,0.5
kernel k-groups $\rho_{1/2}$,30,0.5
kernel k-groups $\widetilde{\rho}_{1}$,30,0.866666666667
k-means,40,0.625
gmm,40,0.5
spectral clustering $\widetilde{\rho}_1$,40,0.6
kernel k-groups $\rho_{1}$,40,0.7
kernel k-groups $\rho_{1/2}$,40,0.7
kernel k-groups $\widetilde{\rho}_{1}$,40,0.725
k-means,50,0.7
gmm,50,0.68
spectral clustering $\widetilde{\rho}_1$,50,0.7
kernel k-groups $\rho_{1}$,50,0.72
kernel k-groups $\rho_{1/2}$,50,0.68
kernel k-groups $\widetilde{\rho}_{1}$,50,0.72
k-means,60,0.583333333333
gmm,60,0.7
spectral clustering $\widetilde{\rho}_1$,60,0.65
kernel k-groups $\rho_{1}$,60,0.533333333333
kernel k-groups $\rho_{1/2}$,60,0.533333333333
kernel k-groups $\widetilde{\rho}_{1}$,60,0.683333333333
k-means,70,0.671428571429
gmm,70,0.642857142857
spectral clustering $\widetilde{\rho}_1$,70,0.628571428571
kernel k-groups $\rho_{1}$,70,0.7
kernel k-groups $\rho_{1/2}$,70,0.742857142857
kernel k-groups $\widetilde{\rho}_{1}$,70,0.857142857143
k-means,80,0.6
gmm,80,0.5625
spectral clustering $\widetilde{\rho}_1$,80,0.5125
kernel k-groups $\rho_{1}$,80,0.6125
kernel k-groups $\rho_{1/2}$,80,0.5625
kernel k-groups $\widetilde{\rho}_{1}$,80,0.8375
k-means,90,0.588888888889
gmm,90,0.677777777778
spectral clustering $\widetilde{\rho}_1$,90,0.744444444444
kernel k-groups $\rho_{1}$,90,0.822222222222
kernel k-groups $\rho_{1/2}$,90,0.9
kernel k-groups $\widetilde{\rho}_{1}$,90,0.944444444444
k-means,100,0.76
gmm,100,0.73
spectral clustering $\widetilde{\rho}_1$,100,0.65
kernel k-groups $\rho_{1}$,100,0.73
kernel k-groups $\rho_{1/2}$,100,0.78
kernel k-groups $\widetilde{\rho}_{1}$,100,0.85
k-means,110,0.618181818182
gmm,110,0.681818181818
spectral clustering $\widetilde{\rho}_1$,110,0.736363636364
kernel k-groups $\rho_{1}$,110,0.718181818182
kernel k-groups $\rho_{1/2}$,110,0.863636363636
kernel k-groups $\widetilde{\rho}_{1}$,110,0.881818181818
k-means,120,0.675
gmm,120,0.6
spectral clustering $\widetilde{\rho}_1$,120,0.866666666667
kernel k-groups $\rho_{1}$,120,0.7
kernel k-groups $\rho_{1/2}$,120,0.708333333333
kernel k-groups $\widetilde{\rho}_{1}$,120,0.891666666667
k-means,130,0.638461538462
gmm,130,0.592307692308
spectral clustering $\widetilde{\rho}_1$,130,0.746153846154
kernel k-groups $\rho_{1}$,130,0.7
kernel k-groups $\rho_{1/2}$,130,0.723076923077
kernel k-groups $\widetilde{\rho}_{1}$,130,0.776923076923
k-means,140,0.692857142857
gmm,140,0.628571428571
spectral clustering $\widetilde{\rho}_1$,140,0.85
kernel k-groups $\rho_{1}$,140,0.728571428571
kernel k-groups $\rho_{1/2}$,140,0.75
kernel k-groups $\widetilde{\rho}_{1}$,140,0.878571428571
k-means,150,0.673333333333
gmm,150,0.666666666667
spectral clustering $\widetilde{\rho}_1$,150,0.833333333333
kernel k-groups $\rho_{1}$,150,0.74
kernel k-groups $\rho_{1/2}$,150,0.773333333333
kernel k-groups $\widetilde{\rho}_{1}$,150,0.853333333333
k-means,160,0.65625
gmm,160,0.5625
spectral clustering $\widetilde{\rho}_1$,160,0.78125
kernel k-groups $\rho_{1}$,160,0.69375
kernel k-groups $\rho_{1/2}$,160,0.75
kernel k-groups $\widetilde{\rho}_{1}$,160,0.85
k-means,170,0.635294117647
gmm,170,0.729411764706
spectral clustering $\widetilde{\rho}_1$,170,0.870588235294
kernel k-groups $\rho_{1}$,170,0.776470588235
kernel k-groups $\rho_{1/2}$,170,0.882352941176
kernel k-groups $\widetilde{\rho}_{1}$,170,0.876470588235
k-means,180,0.561111111111
gmm,180,0.544444444444
spectral clustering $\widetilde{\rho}_1$,180,0.688888888889
kernel k-groups $\rho_{1}$,180,0.616666666667
kernel k-groups $\rho_{1/2}$,180,0.622222222222
kernel k-groups $\widetilde{\rho}_{1}$,180,0.794444444444
k-means,190,0.684210526316
gmm,190,0.668421052632
spectral clustering $\widetilde{\rho}_1$,190,0.815789473684
kernel k-groups $\rho_{1}$,190,0.752631578947
kernel k-groups $\rho_{1/2}$,190,0.768421052632
kernel k-groups $\widetilde{\rho}_{1}$,190,0.889473684211
k-means,200,0.65
gmm,200,0.685
spectral clustering $\widetilde{\rho}_1$,200,0.775
kernel k-groups $\rho_{1}$,200,0.74
kernel k-groups $\rho_{1/2}$,200,0.735
kernel k-groups $\widetilde{\rho}_{1}$,200,0.9
k-means,210,0.695238095238
gmm,210,0.504761904762
spectral clustering $\widetilde{\rho}_1$,210,0.809523809524
kernel k-groups $\rho_{1}$,210,0.752380952381
kernel k-groups $\rho_{1/2}$,210,0.790476190476
kernel k-groups $\widetilde{\rho}_{1}$,210,0.861904761905
k-means,220,0.622727272727
gmm,220,0.713636363636
spectral clustering $\widetilde{\rho}_1$,220,0.822727272727
kernel k-groups $\rho_{1}$,220,0.745454545455
kernel k-groups $\rho_{1/2}$,220,0.8
kernel k-groups $\widetilde{\rho}_{1}$,220,0.881818181818
k-means,230,0.660869565217
gmm,230,0.665217391304
spectral clustering $\widetilde{\rho}_1$,230,0.695652173913
kernel k-groups $\rho_{1}$,230,0.630434782609
kernel k-groups $\rho_{1/2}$,230,0.573913043478
kernel k-groups $\widetilde{\rho}_{1}$,230,0.75652173913
k-means,240,0.591666666667
gmm,240,0.670833333333
spectral clustering $\widetilde{\rho}_1$,240,0.7875
kernel k-groups $\rho_{1}$,240,0.7125
kernel k-groups $\rho_{1/2}$,240,0.741666666667
kernel k-groups $\widetilde{\rho}_{1}$,240,0.875
k-means,250,0.684
gmm,250,0.676
spectral clustering $\widetilde{\rho}_1$,250,0.816
kernel k-groups $\rho_{1}$,250,0.724
kernel k-groups $\rho_{1/2}$,250,0.792
kernel k-groups $\widetilde{\rho}_{1}$,250,0.872
k-means,260,0.684615384615
gmm,260,0.669230769231
spectral clustering $\widetilde{\rho}_1$,260,0.880769230769
kernel k-groups $\rho_{1}$,260,0.753846153846
kernel k-groups $\rho_{1/2}$,260,0.811538461538
kernel k-groups $\widetilde{\rho}_{1}$,260,0.873076923077
k-means,270,0.681481481481
gmm,270,0.692592592593
spectral clustering $\widetilde{\rho}_1$,270,0.814814814815
kernel k-groups $\rho_{1}$,270,0.759259259259
kernel k-groups $\rho_{1/2}$,270,0.8
kernel k-groups $\widetilde{\rho}_{1}$,270,0.866666666667
k-means,280,0.546428571429
gmm,280,0.703571428571
spectral clustering $\widetilde{\rho}_1$,280,0.671428571429
kernel k-groups $\rho_{1}$,280,0.675
kernel k-groups $\rho_{1/2}$,280,0.760714285714
kernel k-groups $\widetilde{\rho}_{1}$,280,0.882142857143
k-means,290,0.644827586207
gmm,290,0.693103448276
spectral clustering $\widetilde{\rho}_1$,290,0.862068965517
kernel k-groups $\rho_{1}$,290,0.724137931034
kernel k-groups $\rho_{1/2}$,290,0.765517241379
kernel k-groups $\widetilde{\rho}_{1}$,290,0.903448275862
k-means,300,0.66
gmm,300,0.703333333333
spectral clustering $\widetilde{\rho}_1$,300,0.77
kernel k-groups $\rho_{1}$,300,0.696666666667
kernel k-groups $\rho_{1/2}$,300,0.706666666667
kernel k-groups $\widetilde{\rho}_{1}$,300,0.87
k-means,310,0.696774193548
gmm,310,0.722580645161
spectral clustering $\widetilde{\rho}_1$,310,0.803225806452
kernel k-groups $\rho_{1}$,310,0.722580645161
kernel k-groups $\rho_{1/2}$,310,0.754838709677
kernel k-groups $\widetilde{\rho}_{1}$,310,0.822580645161
k-means,320,0.63125
gmm,320,0.740625
spectral clustering $\widetilde{\rho}_1$,320,0.828125
kernel k-groups $\rho_{1}$,320,0.746875
kernel k-groups $\rho_{1/2}$,320,0.78125
kernel k-groups $\widetilde{\rho}_{1}$,320,0.88125
k-means,330,0.7
gmm,330,0.79696969697
spectral clustering $\widetilde{\rho}_1$,330,0.866666666667
kernel k-groups $\rho_{1}$,330,0.742424242424
kernel k-groups $\rho_{1/2}$,330,0.806060606061
kernel k-groups $\widetilde{\rho}_{1}$,330,0.890909090909
k-means,340,0.720588235294
gmm,340,0.764705882353
spectral clustering $\widetilde{\rho}_1$,340,0.852941176471
kernel k-groups $\rho_{1}$,340,0.767647058824
kernel k-groups $\rho_{1/2}$,340,0.782352941176
kernel k-groups $\widetilde{\rho}_{1}$,340,0.891176470588
k-means,350,0.62
gmm,350,0.654285714286
spectral clustering $\widetilde{\rho}_1$,350,0.822857142857
kernel k-groups $\rho_{1}$,350,0.677142857143
kernel k-groups $\rho_{1/2}$,350,0.768571428571
kernel k-groups $\widetilde{\rho}_{1}$,350,0.868571428571
k-means,360,0.697222222222
gmm,360,0.688888888889
spectral clustering $\widetilde{\rho}_1$,360,0.841666666667
kernel k-groups $\rho_{1}$,360,0.733333333333
kernel k-groups $\rho_{1/2}$,360,0.786111111111
kernel k-groups $\widetilde{\rho}_{1}$,360,0.861111111111
k-means,370,0.708108108108
gmm,370,0.775675675676
spectral clustering $\widetilde{\rho}_1$,370,0.835135135135
kernel k-groups $\rho_{1}$,370,0.762162162162
kernel k-groups $\rho_{1/2}$,370,0.8
kernel k-groups $\widetilde{\rho}_{1}$,370,0.889189189189
k-means,380,0.689473684211
gmm,380,0.773684210526
spectral clustering $\widetilde{\rho}_1$,380,0.805263157895
kernel k-groups $\rho_{1}$,380,0.744736842105
kernel k-groups $\rho_{1/2}$,380,0.794736842105
kernel k-groups $\widetilde{\rho}_{1}$,380,0.852631578947
k-means,390,0.692307692308
gmm,390,0.769230769231
spectral clustering $\widetilde{\rho}_1$,390,0.866666666667
kernel k-groups $\rho_{1}$,390,0.776923076923
kernel k-groups $\rho_{1/2}$,390,0.835897435897
kernel k-groups $\widetilde{\rho}_{1}$,390,0.894871794872
k-means,400,0.735
gmm,400,0.81
spectral clustering $\widetilde{\rho}_1$,400,0.8825
kernel k-groups $\rho_{1}$,400,0.7875
kernel k-groups $\rho_{1/2}$,400,0.835
kernel k-groups $\widetilde{\rho}_{1}$,400,0.915
k-means,10,0.6
gmm,10,0.5
spectral clustering $\widetilde{\rho}_1$,10,0.5
kernel k-groups $\rho_{1}$,10,0.5
kernel k-groups $\rho_{1/2}$,10,0.5
kernel k-groups $\widetilde{\rho}_{1}$,10,0.5
k-means,20,0.55
gmm,20,0.7
spectral clustering $\widetilde{\rho}_1$,20,0.8
kernel k-groups $\rho_{1}$,20,0.65
kernel k-groups $\rho_{1/2}$,20,0.7
kernel k-groups $\widetilde{\rho}_{1}$,20,0.8
k-means,30,0.6
gmm,30,0.733333333333
spectral clustering $\widetilde{\rho}_1$,30,0.533333333333
kernel k-groups $\rho_{1}$,30,0.633333333333
kernel k-groups $\rho_{1/2}$,30,0.633333333333
kernel k-groups $\widetilde{\rho}_{1}$,30,0.533333333333
k-means,40,0.625
gmm,40,0.75
spectral clustering $\widetilde{\rho}_1$,40,0.525
kernel k-groups $\rho_{1}$,40,0.8
kernel k-groups $\rho_{1/2}$,40,0.85
kernel k-groups $\widetilde{\rho}_{1}$,40,0.9
k-means,50,0.54
gmm,50,0.72
spectral clustering $\widetilde{\rho}_1$,50,0.6
kernel k-groups $\rho_{1}$,50,0.76
kernel k-groups $\rho_{1/2}$,50,0.76
kernel k-groups $\widetilde{\rho}_{1}$,50,0.9
k-means,60,0.65
gmm,60,0.566666666667
spectral clustering $\widetilde{\rho}_1$,60,0.65
kernel k-groups $\rho_{1}$,60,0.683333333333
kernel k-groups $\rho_{1/2}$,60,0.683333333333
kernel k-groups $\widetilde{\rho}_{1}$,60,0.816666666667
k-means,70,0.628571428571
gmm,70,0.6
spectral clustering $\widetilde{\rho}_1$,70,0.714285714286
kernel k-groups $\rho_{1}$,70,0.642857142857
kernel k-groups $\rho_{1/2}$,70,0.771428571429
kernel k-groups $\widetilde{\rho}_{1}$,70,0.742857142857
k-means,80,0.8
gmm,80,0.5875
spectral clustering $\widetilde{\rho}_1$,80,0.75
kernel k-groups $\rho_{1}$,80,0.825
kernel k-groups $\rho_{1/2}$,80,0.825
kernel k-groups $\widetilde{\rho}_{1}$,80,0.95
k-means,90,0.711111111111
gmm,90,0.566666666667
spectral clustering $\widetilde{\rho}_1$,90,0.8
kernel k-groups $\rho_{1}$,90,0.811111111111
kernel k-groups $\rho_{1/2}$,90,0.811111111111
kernel k-groups $\widetilde{\rho}_{1}$,90,0.866666666667
k-means,100,0.71
gmm,100,0.6
spectral clustering $\widetilde{\rho}_1$,100,0.79
kernel k-groups $\rho_{1}$,100,0.71
kernel k-groups $\rho_{1/2}$,100,0.71
kernel k-groups $\widetilde{\rho}_{1}$,100,0.77
k-means,110,0.627272727273
gmm,110,0.627272727273
spectral clustering $\widetilde{\rho}_1$,110,0.772727272727
kernel k-groups $\rho_{1}$,110,0.6
kernel k-groups $\rho_{1/2}$,110,0.781818181818
kernel k-groups $\widetilde{\rho}_{1}$,110,0.845454545455
k-means,120,0.716666666667
gmm,120,0.7
spectral clustering $\widetilde{\rho}_1$,120,0.858333333333
kernel k-groups $\rho_{1}$,120,0.766666666667
kernel k-groups $\rho_{1/2}$,120,0.8
kernel k-groups $\widetilde{\rho}_{1}$,120,0.9
k-means,130,0.630769230769
gmm,130,0.638461538462
spectral clustering $\widetilde{\rho}_1$,130,0.738461538462
kernel k-groups $\rho_{1}$,130,0.623076923077
kernel k-groups $\rho_{1/2}$,130,0.838461538462
kernel k-groups $\widetilde{\rho}_{1}$,130,0.884615384615
k-means,140,0.671428571429
gmm,140,0.614285714286
spectral clustering $\widetilde{\rho}_1$,140,0.735714285714
kernel k-groups $\rho_{1}$,140,0.678571428571
kernel k-groups $\rho_{1/2}$,140,0.714285714286
kernel k-groups $\widetilde{\rho}_{1}$,140,0.8
k-means,150,0.666666666667
gmm,150,0.566666666667
spectral clustering $\widetilde{\rho}_1$,150,0.78
kernel k-groups $\rho_{1}$,150,0.68
kernel k-groups $\rho_{1/2}$,150,0.606666666667
kernel k-groups $\widetilde{\rho}_{1}$,150,0.826666666667
k-means,160,0.64375
gmm,160,0.625
spectral clustering $\widetilde{\rho}_1$,160,0.7125
kernel k-groups $\rho_{1}$,160,0.80625
kernel k-groups $\rho_{1/2}$,160,0.84375
kernel k-groups $\widetilde{\rho}_{1}$,160,0.76875
k-means,170,0.682352941176
gmm,170,0.705882352941
spectral clustering $\widetilde{\rho}_1$,170,0.817647058824
kernel k-groups $\rho_{1}$,170,0.729411764706
kernel k-groups $\rho_{1/2}$,170,0.794117647059
kernel k-groups $\widetilde{\rho}_{1}$,170,0.870588235294
k-means,180,0.755555555556
gmm,180,0.666666666667
spectral clustering $\widetilde{\rho}_1$,180,0.744444444444
kernel k-groups $\rho_{1}$,180,0.833333333333
kernel k-groups $\rho_{1/2}$,180,0.855555555556
kernel k-groups $\widetilde{\rho}_{1}$,180,0.894444444444
k-means,190,0.615789473684
gmm,190,0.647368421053
spectral clustering $\widetilde{\rho}_1$,190,0.789473684211
kernel k-groups $\rho_{1}$,190,0.710526315789
kernel k-groups $\rho_{1/2}$,190,0.773684210526
kernel k-groups $\widetilde{\rho}_{1}$,190,0.821052631579
k-means,200,0.78
gmm,200,0.75
spectral clustering $\widetilde{\rho}_1$,200,0.83
kernel k-groups $\rho_{1}$,200,0.78
kernel k-groups $\rho_{1/2}$,200,0.835
kernel k-groups $\widetilde{\rho}_{1}$,200,0.905
k-means,210,0.652380952381
gmm,210,0.72380952381
spectral clustering $\widetilde{\rho}_1$,210,0.847619047619
kernel k-groups $\rho_{1}$,210,0.761904761905
kernel k-groups $\rho_{1/2}$,210,0.842857142857
kernel k-groups $\widetilde{\rho}_{1}$,210,0.9
k-means,220,0.790909090909
gmm,220,0.781818181818
spectral clustering $\widetilde{\rho}_1$,220,0.840909090909
kernel k-groups $\rho_{1}$,220,0.8
kernel k-groups $\rho_{1/2}$,220,0.840909090909
kernel k-groups $\widetilde{\rho}_{1}$,220,0.872727272727
k-means,230,0.734782608696
gmm,230,0.691304347826
spectral clustering $\widetilde{\rho}_1$,230,0.773913043478
kernel k-groups $\rho_{1}$,230,0.74347826087
kernel k-groups $\rho_{1/2}$,230,0.773913043478
kernel k-groups $\widetilde{\rho}_{1}$,230,0.904347826087
k-means,240,0.675
gmm,240,0.579166666667
spectral clustering $\widetilde{\rho}_1$,240,0.866666666667
kernel k-groups $\rho_{1}$,240,0.691666666667
kernel k-groups $\rho_{1/2}$,240,0.716666666667
kernel k-groups $\widetilde{\rho}_{1}$,240,0.8625
k-means,250,0.652
gmm,250,0.716
spectral clustering $\widetilde{\rho}_1$,250,0.788
kernel k-groups $\rho_{1}$,250,0.748
kernel k-groups $\rho_{1/2}$,250,0.78
kernel k-groups $\widetilde{\rho}_{1}$,250,0.864
k-means,260,0.584615384615
gmm,260,0.688461538462
spectral clustering $\widetilde{\rho}_1$,260,0.838461538462
kernel k-groups $\rho_{1}$,260,0.703846153846
kernel k-groups $\rho_{1/2}$,260,0.788461538462
kernel k-groups $\widetilde{\rho}_{1}$,260,0.876923076923
k-means,270,0.674074074074
gmm,270,0.666666666667
spectral clustering $\widetilde{\rho}_1$,270,0.822222222222
kernel k-groups $\rho_{1}$,270,0.72962962963
kernel k-groups $\rho_{1/2}$,270,0.777777777778
kernel k-groups $\widetilde{\rho}_{1}$,270,0.866666666667
k-means,280,0.735714285714
gmm,280,0.767857142857
spectral clustering $\widetilde{\rho}_1$,280,0.846428571429
kernel k-groups $\rho_{1}$,280,0.753571428571
kernel k-groups $\rho_{1/2}$,280,0.792857142857
kernel k-groups $\widetilde{\rho}_{1}$,280,0.860714285714
k-means,290,0.703448275862
gmm,290,0.658620689655
spectral clustering $\widetilde{\rho}_1$,290,0.841379310345
kernel k-groups $\rho_{1}$,290,0.78275862069
kernel k-groups $\rho_{1/2}$,290,0.793103448276
kernel k-groups $\widetilde{\rho}_{1}$,290,0.879310344828
k-means,300,0.77
gmm,300,0.756666666667
spectral clustering $\widetilde{\rho}_1$,300,0.83
kernel k-groups $\rho_{1}$,300,0.793333333333
kernel k-groups $\rho_{1/2}$,300,0.796666666667
kernel k-groups $\widetilde{\rho}_{1}$,300,0.88
k-means,310,0.716129032258
gmm,310,0.696774193548
spectral clustering $\widetilde{\rho}_1$,310,0.835483870968
kernel k-groups $\rho_{1}$,310,0.741935483871
kernel k-groups $\rho_{1/2}$,310,0.825806451613
kernel k-groups $\widetilde{\rho}_{1}$,310,0.870967741935
k-means,320,0.6625
gmm,320,0.753125
spectral clustering $\widetilde{\rho}_1$,320,0.8625
kernel k-groups $\rho_{1}$,320,0.68125
kernel k-groups $\rho_{1/2}$,320,0.815625
kernel k-groups $\widetilde{\rho}_{1}$,320,0.89375
k-means,330,0.675757575758
gmm,330,0.760606060606
spectral clustering $\widetilde{\rho}_1$,330,0.848484848485
kernel k-groups $\rho_{1}$,330,0.757575757576
kernel k-groups $\rho_{1/2}$,330,0.806060606061
kernel k-groups $\widetilde{\rho}_{1}$,330,0.884848484848
k-means,340,0.7
gmm,340,0.738235294118
spectral clustering $\widetilde{\rho}_1$,340,0.864705882353
kernel k-groups $\rho_{1}$,340,0.732352941176
kernel k-groups $\rho_{1/2}$,340,0.805882352941
kernel k-groups $\widetilde{\rho}_{1}$,340,0.879411764706
k-means,350,0.711428571429
gmm,350,0.657142857143
spectral clustering $\widetilde{\rho}_1$,350,0.854285714286
kernel k-groups $\rho_{1}$,350,0.78
kernel k-groups $\rho_{1/2}$,350,0.82
kernel k-groups $\widetilde{\rho}_{1}$,350,0.874285714286
k-means,360,0.688888888889
gmm,360,0.722222222222
spectral clustering $\widetilde{\rho}_1$,360,0.836111111111
kernel k-groups $\rho_{1}$,360,0.786111111111
kernel k-groups $\rho_{1/2}$,360,0.797222222222
kernel k-groups $\widetilde{\rho}_{1}$,360,0.852777777778
k-means,370,0.697297297297
gmm,370,0.767567567568
spectral clustering $\widetilde{\rho}_1$,370,0.848648648649
kernel k-groups $\rho_{1}$,370,0.786486486486
kernel k-groups $\rho_{1/2}$,370,0.82972972973
kernel k-groups $\widetilde{\rho}_{1}$,370,0.894594594595
k-means,380,0.7
gmm,380,0.742105263158
spectral clustering $\widetilde{\rho}_1$,380,0.802631578947
kernel k-groups $\rho_{1}$,380,0.755263157895
kernel k-groups $\rho_{1/2}$,380,0.763157894737
kernel k-groups $\widetilde{\rho}_{1}$,380,0.857894736842
k-means,390,0.748717948718
gmm,390,0.774358974359
spectral clustering $\widetilde{\rho}_1$,390,0.894871794872
kernel k-groups $\rho_{1}$,390,0.792307692308
kernel k-groups $\rho_{1/2}$,390,0.848717948718
kernel k-groups $\widetilde{\rho}_{1}$,390,0.917948717949
k-means,400,0.6675
gmm,400,0.7825
spectral clustering $\widetilde{\rho}_1$,400,0.8675
kernel k-groups $\rho_{1}$,400,0.76
kernel k-groups $\rho_{1/2}$,400,0.775
kernel k-groups $\widetilde{\rho}_{1}$,400,0.9025
k-means,10,0.8
gmm,10,0.9
spectral clustering $\widetilde{\rho}_1$,10,0.6
kernel k-groups $\rho_{1}$,10,0.8
kernel k-groups $\rho_{1/2}$,10,0.8
kernel k-groups $\widetilde{\rho}_{1}$,10,0.8
k-means,20,0.55
gmm,20,0.55
spectral clustering $\widetilde{\rho}_1$,20,0.55
kernel k-groups $\rho_{1}$,20,0.5
kernel k-groups $\rho_{1/2}$,20,0.6
kernel k-groups $\widetilde{\rho}_{1}$,20,0.6
k-means,30,0.7
gmm,30,0.766666666667
spectral clustering $\widetilde{\rho}_1$,30,0.866666666667
kernel k-groups $\rho_{1}$,30,0.8
kernel k-groups $\rho_{1/2}$,30,0.8
kernel k-groups $\widetilde{\rho}_{1}$,30,0.933333333333
k-means,40,0.55
gmm,40,0.825
spectral clustering $\widetilde{\rho}_1$,40,0.725
kernel k-groups $\rho_{1}$,40,0.7
kernel k-groups $\rho_{1/2}$,40,0.75
kernel k-groups $\widetilde{\rho}_{1}$,40,0.9
k-means,50,0.54
gmm,50,0.68
spectral clustering $\widetilde{\rho}_1$,50,0.7
kernel k-groups $\rho_{1}$,50,0.66
kernel k-groups $\rho_{1/2}$,50,0.64
kernel k-groups $\widetilde{\rho}_{1}$,50,0.9
k-means,60,0.516666666667
gmm,60,0.583333333333
spectral clustering $\widetilde{\rho}_1$,60,0.85
kernel k-groups $\rho_{1}$,60,0.533333333333
kernel k-groups $\rho_{1/2}$,60,0.583333333333
kernel k-groups $\widetilde{\rho}_{1}$,60,0.816666666667
k-means,70,0.657142857143
gmm,70,0.728571428571
spectral clustering $\widetilde{\rho}_1$,70,0.657142857143
kernel k-groups $\rho_{1}$,70,0.857142857143
kernel k-groups $\rho_{1/2}$,70,0.871428571429
kernel k-groups $\widetilde{\rho}_{1}$,70,0.914285714286
k-means,80,0.575
gmm,80,0.6
spectral clustering $\widetilde{\rho}_1$,80,0.625
kernel k-groups $\rho_{1}$,80,0.5875
kernel k-groups $\rho_{1/2}$,80,0.6125
kernel k-groups $\widetilde{\rho}_{1}$,80,0.7875
k-means,90,0.711111111111
gmm,90,0.544444444444
spectral clustering $\widetilde{\rho}_1$,90,0.755555555556
kernel k-groups $\rho_{1}$,90,0.666666666667
kernel k-groups $\rho_{1/2}$,90,0.755555555556
kernel k-groups $\widetilde{\rho}_{1}$,90,0.788888888889
k-means,100,0.6
gmm,100,0.78
spectral clustering $\widetilde{\rho}_1$,100,0.81
kernel k-groups $\rho_{1}$,100,0.83
kernel k-groups $\rho_{1/2}$,100,0.85
kernel k-groups $\widetilde{\rho}_{1}$,100,0.91
k-means,110,0.690909090909
gmm,110,0.636363636364
spectral clustering $\widetilde{\rho}_1$,110,0.618181818182
kernel k-groups $\rho_{1}$,110,0.6
kernel k-groups $\rho_{1/2}$,110,0.809090909091
kernel k-groups $\widetilde{\rho}_{1}$,110,0.890909090909
k-means,120,0.55
gmm,120,0.6
spectral clustering $\widetilde{\rho}_1$,120,0.775
kernel k-groups $\rho_{1}$,120,0.583333333333
kernel k-groups $\rho_{1/2}$,120,0.858333333333
kernel k-groups $\widetilde{\rho}_{1}$,120,0.891666666667
k-means,130,0.515384615385
gmm,130,0.569230769231
spectral clustering $\widetilde{\rho}_1$,130,0.561538461538
kernel k-groups $\rho_{1}$,130,0.669230769231
kernel k-groups $\rho_{1/2}$,130,0.515384615385
kernel k-groups $\widetilde{\rho}_{1}$,130,0.876923076923
k-means,140,0.664285714286
gmm,140,0.521428571429
spectral clustering $\widetilde{\rho}_1$,140,0.778571428571
kernel k-groups $\rho_{1}$,140,0.778571428571
kernel k-groups $\rho_{1/2}$,140,0.785714285714
kernel k-groups $\widetilde{\rho}_{1}$,140,0.871428571429
k-means,150,0.54
gmm,150,0.606666666667
spectral clustering $\widetilde{\rho}_1$,150,0.686666666667
kernel k-groups $\rho_{1}$,150,0.646666666667
kernel k-groups $\rho_{1/2}$,150,0.64
kernel k-groups $\widetilde{\rho}_{1}$,150,0.86
k-means,160,0.60625
gmm,160,0.7
spectral clustering $\widetilde{\rho}_1$,160,0.8125
kernel k-groups $\rho_{1}$,160,0.6875
kernel k-groups $\rho_{1/2}$,160,0.7125
kernel k-groups $\widetilde{\rho}_{1}$,160,0.85625
k-means,170,0.705882352941
gmm,170,0.629411764706
spectral clustering $\widetilde{\rho}_1$,170,0.841176470588
kernel k-groups $\rho_{1}$,170,0.817647058824
kernel k-groups $\rho_{1/2}$,170,0.858823529412
kernel k-groups $\widetilde{\rho}_{1}$,170,0.852941176471
k-means,180,0.644444444444
gmm,180,0.716666666667
spectral clustering $\widetilde{\rho}_1$,180,0.744444444444
kernel k-groups $\rho_{1}$,180,0.722222222222
kernel k-groups $\rho_{1/2}$,180,0.744444444444
kernel k-groups $\widetilde{\rho}_{1}$,180,0.866666666667
k-means,190,0.542105263158
gmm,190,0.610526315789
spectral clustering $\widetilde{\rho}_1$,190,0.794736842105
kernel k-groups $\rho_{1}$,190,0.515789473684
kernel k-groups $\rho_{1/2}$,190,0.663157894737
kernel k-groups $\widetilde{\rho}_{1}$,190,0.910526315789
k-means,200,0.65
gmm,200,0.66
spectral clustering $\widetilde{\rho}_1$,200,0.855
kernel k-groups $\rho_{1}$,200,0.7
kernel k-groups $\rho_{1/2}$,200,0.815
kernel k-groups $\widetilde{\rho}_{1}$,200,0.875
k-means,210,0.580952380952
gmm,210,0.67619047619
spectral clustering $\widetilde{\rho}_1$,210,0.738095238095
kernel k-groups $\rho_{1}$,210,0.738095238095
kernel k-groups $\rho_{1/2}$,210,0.861904761905
kernel k-groups $\widetilde{\rho}_{1}$,210,0.890476190476
k-means,220,0.631818181818
gmm,220,0.609090909091
spectral clustering $\widetilde{\rho}_1$,220,0.868181818182
kernel k-groups $\rho_{1}$,220,0.745454545455
kernel k-groups $\rho_{1/2}$,220,0.854545454545
kernel k-groups $\widetilde{\rho}_{1}$,220,0.909090909091
k-means,230,0.652173913043
gmm,230,0.634782608696
spectral clustering $\widetilde{\rho}_1$,230,0.84347826087
kernel k-groups $\rho_{1}$,230,0.7
kernel k-groups $\rho_{1/2}$,230,0.760869565217
kernel k-groups $\widetilde{\rho}_{1}$,230,0.873913043478
k-means,240,0.591666666667
gmm,240,0.529166666667
spectral clustering $\widetilde{\rho}_1$,240,0.5125
kernel k-groups $\rho_{1}$,240,0.691666666667
kernel k-groups $\rho_{1/2}$,240,0.691666666667
kernel k-groups $\widetilde{\rho}_{1}$,240,0.8375
k-means,250,0.716
gmm,250,0.708
spectral clustering $\widetilde{\rho}_1$,250,0.856
kernel k-groups $\rho_{1}$,250,0.832
kernel k-groups $\rho_{1/2}$,250,0.84
kernel k-groups $\widetilde{\rho}_{1}$,250,0.9
k-means,260,0.696153846154
gmm,260,0.746153846154
spectral clustering $\widetilde{\rho}_1$,260,0.780769230769
kernel k-groups $\rho_{1}$,260,0.807692307692
kernel k-groups $\rho_{1/2}$,260,0.819230769231
kernel k-groups $\widetilde{\rho}_{1}$,260,0.880769230769
k-means,270,0.633333333333
gmm,270,0.7
spectral clustering $\widetilde{\rho}_1$,270,0.77037037037
kernel k-groups $\rho_{1}$,270,0.666666666667
kernel k-groups $\rho_{1/2}$,270,0.766666666667
kernel k-groups $\widetilde{\rho}_{1}$,270,0.848148148148
k-means,280,0.682142857143
gmm,280,0.753571428571
spectral clustering $\widetilde{\rho}_1$,280,0.857142857143
kernel k-groups $\rho_{1}$,280,0.689285714286
kernel k-groups $\rho_{1/2}$,280,0.725
kernel k-groups $\widetilde{\rho}_{1}$,280,0.889285714286
k-means,290,0.724137931034
gmm,290,0.71724137931
spectral clustering $\widetilde{\rho}_1$,290,0.834482758621
kernel k-groups $\rho_{1}$,290,0.748275862069
kernel k-groups $\rho_{1/2}$,290,0.796551724138
kernel k-groups $\widetilde{\rho}_{1}$,290,0.868965517241
k-means,300,0.613333333333
gmm,300,0.6
spectral clustering $\widetilde{\rho}_1$,300,0.843333333333
kernel k-groups $\rho_{1}$,300,0.813333333333
kernel k-groups $\rho_{1/2}$,300,0.82
kernel k-groups $\widetilde{\rho}_{1}$,300,0.866666666667
k-means,310,0.693548387097
gmm,310,0.722580645161
spectral clustering $\widetilde{\rho}_1$,310,0.841935483871
kernel k-groups $\rho_{1}$,310,0.745161290323
kernel k-groups $\rho_{1/2}$,310,0.774193548387
kernel k-groups $\widetilde{\rho}_{1}$,310,0.845161290323
k-means,320,0.675
gmm,320,0.76875
spectral clustering $\widetilde{\rho}_1$,320,0.696875
kernel k-groups $\rho_{1}$,320,0.75625
kernel k-groups $\rho_{1/2}$,320,0.775
kernel k-groups $\widetilde{\rho}_{1}$,320,0.8375
k-means,330,0.724242424242
gmm,330,0.751515151515
spectral clustering $\widetilde{\rho}_1$,330,0.845454545455
kernel k-groups $\rho_{1}$,330,0.784848484848
kernel k-groups $\rho_{1/2}$,330,0.8
kernel k-groups $\widetilde{\rho}_{1}$,330,0.906060606061
k-means,340,0.776470588235
gmm,340,0.720588235294
spectral clustering $\widetilde{\rho}_1$,340,0.864705882353
kernel k-groups $\rho_{1}$,340,0.805882352941
kernel k-groups $\rho_{1/2}$,340,0.814705882353
kernel k-groups $\widetilde{\rho}_{1}$,340,0.885294117647
k-means,350,0.702857142857
gmm,350,0.751428571429
spectral clustering $\widetilde{\rho}_1$,350,0.831428571429
kernel k-groups $\rho_{1}$,350,0.774285714286
kernel k-groups $\rho_{1/2}$,350,0.802857142857
kernel k-groups $\widetilde{\rho}_{1}$,350,0.88
k-means,360,0.7
gmm,360,0.727777777778
spectral clustering $\widetilde{\rho}_1$,360,0.880555555556
kernel k-groups $\rho_{1}$,360,0.813888888889
kernel k-groups $\rho_{1/2}$,360,0.827777777778
kernel k-groups $\widetilde{\rho}_{1}$,360,0.930555555556
k-means,370,0.605405405405
gmm,370,0.759459459459
spectral clustering $\widetilde{\rho}_1$,370,0.862162162162
kernel k-groups $\rho_{1}$,370,0.710810810811
kernel k-groups $\rho_{1/2}$,370,0.824324324324
kernel k-groups $\widetilde{\rho}_{1}$,370,0.897297297297
k-means,380,0.665789473684
gmm,380,0.747368421053
spectral clustering $\widetilde{\rho}_1$,380,0.847368421053
kernel k-groups $\rho_{1}$,380,0.723684210526
kernel k-groups $\rho_{1/2}$,380,0.784210526316
kernel k-groups $\widetilde{\rho}_{1}$,380,0.865789473684
k-means,390,0.720512820513
gmm,390,0.769230769231
spectral clustering $\widetilde{\rho}_1$,390,0.9
kernel k-groups $\rho_{1}$,390,0.771794871795
kernel k-groups $\rho_{1/2}$,390,0.815384615385
kernel k-groups $\widetilde{\rho}_{1}$,390,0.907692307692
k-means,400,0.72
gmm,400,0.7375
spectral clustering $\widetilde{\rho}_1$,400,0.7775
kernel k-groups $\rho_{1}$,400,0.7575
kernel k-groups $\rho_{1/2}$,400,0.7875
kernel k-groups $\widetilde{\rho}_{1}$,400,0.8775
k-means,10,0.8
gmm,10,0.6
spectral clustering $\widetilde{\rho}_1$,10,0.5
kernel k-groups $\rho_{1}$,10,0.6
kernel k-groups $\rho_{1/2}$,10,0.5
kernel k-groups $\widetilde{\rho}_{1}$,10,0.5
k-means,20,0.75
gmm,20,0.65
spectral clustering $\widetilde{\rho}_1$,20,0.8
kernel k-groups $\rho_{1}$,20,0.75
kernel k-groups $\rho_{1/2}$,20,0.75
kernel k-groups $\widetilde{\rho}_{1}$,20,0.95
k-means,30,0.6
gmm,30,0.533333333333
spectral clustering $\widetilde{\rho}_1$,30,0.733333333333
kernel k-groups $\rho_{1}$,30,0.7
kernel k-groups $\rho_{1/2}$,30,0.8
kernel k-groups $\widetilde{\rho}_{1}$,30,0.866666666667
k-means,40,0.625
gmm,40,0.55
spectral clustering $\widetilde{\rho}_1$,40,0.7
kernel k-groups $\rho_{1}$,40,0.575
kernel k-groups $\rho_{1/2}$,40,0.575
kernel k-groups $\widetilde{\rho}_{1}$,40,0.675
k-means,50,0.7
gmm,50,0.64
spectral clustering $\widetilde{\rho}_1$,50,0.7
kernel k-groups $\rho_{1}$,50,0.66
kernel k-groups $\rho_{1/2}$,50,0.68
kernel k-groups $\widetilde{\rho}_{1}$,50,0.68
k-means,60,0.683333333333
gmm,60,0.6
spectral clustering $\widetilde{\rho}_1$,60,0.683333333333
kernel k-groups $\rho_{1}$,60,0.683333333333
kernel k-groups $\rho_{1/2}$,60,0.666666666667
kernel k-groups $\widetilde{\rho}_{1}$,60,0.8
k-means,70,0.542857142857
gmm,70,0.6
spectral clustering $\widetilde{\rho}_1$,70,0.528571428571
kernel k-groups $\rho_{1}$,70,0.5
kernel k-groups $\rho_{1/2}$,70,0.671428571429
kernel k-groups $\widetilde{\rho}_{1}$,70,0.814285714286
k-means,80,0.7875
gmm,80,0.7875
spectral clustering $\widetilde{\rho}_1$,80,0.6875
kernel k-groups $\rho_{1}$,80,0.7875
kernel k-groups $\rho_{1/2}$,80,0.7875
kernel k-groups $\widetilde{\rho}_{1}$,80,0.8875
k-means,90,0.666666666667
gmm,90,0.533333333333
spectral clustering $\widetilde{\rho}_1$,90,0.755555555556
kernel k-groups $\rho_{1}$,90,0.688888888889
kernel k-groups $\rho_{1/2}$,90,0.755555555556
kernel k-groups $\widetilde{\rho}_{1}$,90,0.855555555556
k-means,100,0.69
gmm,100,0.64
spectral clustering $\widetilde{\rho}_1$,100,0.76
kernel k-groups $\rho_{1}$,100,0.73
kernel k-groups $\rho_{1/2}$,100,0.76
kernel k-groups $\widetilde{\rho}_{1}$,100,0.86
k-means,110,0.727272727273
gmm,110,0.6
spectral clustering $\widetilde{\rho}_1$,110,0.654545454545
kernel k-groups $\rho_{1}$,110,0.727272727273
kernel k-groups $\rho_{1/2}$,110,0.727272727273
kernel k-groups $\widetilde{\rho}_{1}$,110,0.790909090909
k-means,120,0.8
gmm,120,0.775
spectral clustering $\widetilde{\rho}_1$,120,0.825
kernel k-groups $\rho_{1}$,120,0.85
kernel k-groups $\rho_{1/2}$,120,0.858333333333
kernel k-groups $\widetilde{\rho}_{1}$,120,0.925
k-means,130,0.538461538462
gmm,130,0.7
spectral clustering $\widetilde{\rho}_1$,130,0.692307692308
kernel k-groups $\rho_{1}$,130,0.646153846154
kernel k-groups $\rho_{1/2}$,130,0.746153846154
kernel k-groups $\widetilde{\rho}_{1}$,130,0.730769230769
k-means,140,0.692857142857
gmm,140,0.557142857143
spectral clustering $\widetilde{\rho}_1$,140,0.864285714286
kernel k-groups $\rho_{1}$,140,0.757142857143
kernel k-groups $\rho_{1/2}$,140,0.778571428571
kernel k-groups $\widetilde{\rho}_{1}$,140,0.907142857143
k-means,150,0.78
gmm,150,0.74
spectral clustering $\widetilde{\rho}_1$,150,0.926666666667
kernel k-groups $\rho_{1}$,150,0.82
kernel k-groups $\rho_{1/2}$,150,0.853333333333
kernel k-groups $\widetilde{\rho}_{1}$,150,0.946666666667
k-means,160,0.68125
gmm,160,0.6875
spectral clustering $\widetilde{\rho}_1$,160,0.8
kernel k-groups $\rho_{1}$,160,0.725
kernel k-groups $\rho_{1/2}$,160,0.76875
kernel k-groups $\widetilde{\rho}_{1}$,160,0.8375
k-means,170,0.758823529412
gmm,170,0.776470588235
spectral clustering $\widetilde{\rho}_1$,170,0.805882352941
kernel k-groups $\rho_{1}$,170,0.794117647059
kernel k-groups $\rho_{1/2}$,170,0.817647058824
kernel k-groups $\widetilde{\rho}_{1}$,170,0.923529411765
k-means,180,0.677777777778
gmm,180,0.711111111111
spectral clustering $\widetilde{\rho}_1$,180,0.738888888889
kernel k-groups $\rho_{1}$,180,0.738888888889
kernel k-groups $\rho_{1/2}$,180,0.833333333333
kernel k-groups $\widetilde{\rho}_{1}$,180,0.872222222222
k-means,190,0.621052631579
gmm,190,0.731578947368
spectral clustering $\widetilde{\rho}_1$,190,0.626315789474
kernel k-groups $\rho_{1}$,190,0.721052631579
kernel k-groups $\rho_{1/2}$,190,0.763157894737
kernel k-groups $\widetilde{\rho}_{1}$,190,0.894736842105
k-means,200,0.66
gmm,200,0.57
spectral clustering $\widetilde{\rho}_1$,200,0.855
kernel k-groups $\rho_{1}$,200,0.77
kernel k-groups $\rho_{1/2}$,200,0.83
kernel k-groups $\widetilde{\rho}_{1}$,200,0.88
k-means,210,0.514285714286
gmm,210,0.619047619048
spectral clustering $\widetilde{\rho}_1$,210,0.733333333333
kernel k-groups $\rho_{1}$,210,0.633333333333
kernel k-groups $\rho_{1/2}$,210,0.785714285714
kernel k-groups $\widetilde{\rho}_{1}$,210,0.842857142857
k-means,220,0.731818181818
gmm,220,0.7
spectral clustering $\widetilde{\rho}_1$,220,0.790909090909
kernel k-groups $\rho_{1}$,220,0.745454545455
kernel k-groups $\rho_{1/2}$,220,0.759090909091
kernel k-groups $\widetilde{\rho}_{1}$,220,0.877272727273
k-means,230,0.665217391304
gmm,230,0.665217391304
spectral clustering $\widetilde{\rho}_1$,230,0.752173913043
kernel k-groups $\rho_{1}$,230,0.634782608696
kernel k-groups $\rho_{1/2}$,230,0.782608695652
kernel k-groups $\widetilde{\rho}_{1}$,230,0.9
k-means,240,0.5625
gmm,240,0.679166666667
spectral clustering $\widetilde{\rho}_1$,240,0.8625
kernel k-groups $\rho_{1}$,240,0.7375
kernel k-groups $\rho_{1/2}$,240,0.8375
kernel k-groups $\widetilde{\rho}_{1}$,240,0.895833333333
k-means,250,0.552
gmm,250,0.688
spectral clustering $\widetilde{\rho}_1$,250,0.836
kernel k-groups $\rho_{1}$,250,0.764
kernel k-groups $\rho_{1/2}$,250,0.812
kernel k-groups $\widetilde{\rho}_{1}$,250,0.868
k-means,260,0.653846153846
gmm,260,0.696153846154
spectral clustering $\widetilde{\rho}_1$,260,0.807692307692
kernel k-groups $\rho_{1}$,260,0.688461538462
kernel k-groups $\rho_{1/2}$,260,0.784615384615
kernel k-groups $\widetilde{\rho}_{1}$,260,0.876923076923
k-means,270,0.688888888889
gmm,270,0.722222222222
spectral clustering $\widetilde{\rho}_1$,270,0.833333333333
kernel k-groups $\rho_{1}$,270,0.748148148148
kernel k-groups $\rho_{1/2}$,270,0.755555555556
kernel k-groups $\widetilde{\rho}_{1}$,270,0.87037037037
k-means,280,0.664285714286
gmm,280,0.614285714286
spectral clustering $\widetilde{\rho}_1$,280,0.807142857143
kernel k-groups $\rho_{1}$,280,0.717857142857
kernel k-groups $\rho_{1/2}$,280,0.814285714286
kernel k-groups $\widetilde{\rho}_{1}$,280,0.832142857143
k-means,290,0.7
gmm,290,0.741379310345
spectral clustering $\widetilde{\rho}_1$,290,0.793103448276
kernel k-groups $\rho_{1}$,290,0.741379310345
kernel k-groups $\rho_{1/2}$,290,0.765517241379
kernel k-groups $\widetilde{\rho}_{1}$,290,0.855172413793
k-means,300,0.696666666667
gmm,300,0.766666666667
spectral clustering $\widetilde{\rho}_1$,300,0.86
kernel k-groups $\rho_{1}$,300,0.81
kernel k-groups $\rho_{1/2}$,300,0.856666666667
kernel k-groups $\widetilde{\rho}_{1}$,300,0.893333333333
k-means,310,0.641935483871
gmm,310,0.729032258065
spectral clustering $\widetilde{\rho}_1$,310,0.796774193548
kernel k-groups $\rho_{1}$,310,0.745161290323
kernel k-groups $\rho_{1/2}$,310,0.8
kernel k-groups $\widetilde{\rho}_{1}$,310,0.870967741935
k-means,320,0.615625
gmm,320,0.696875
spectral clustering $\widetilde{\rho}_1$,320,0.834375
kernel k-groups $\rho_{1}$,320,0.75625
kernel k-groups $\rho_{1/2}$,320,0.834375
kernel k-groups $\widetilde{\rho}_{1}$,320,0.8625
k-means,330,0.718181818182
gmm,330,0.715151515152
spectral clustering $\widetilde{\rho}_1$,330,0.881818181818
kernel k-groups $\rho_{1}$,330,0.815151515152
kernel k-groups $\rho_{1/2}$,330,0.830303030303
kernel k-groups $\widetilde{\rho}_{1}$,330,0.884848484848
k-means,340,0.723529411765
gmm,340,0.75
spectral clustering $\widetilde{\rho}_1$,340,0.814705882353
kernel k-groups $\rho_{1}$,340,0.782352941176
kernel k-groups $\rho_{1/2}$,340,0.8
kernel k-groups $\widetilde{\rho}_{1}$,340,0.879411764706
k-means,350,0.691428571429
gmm,350,0.717142857143
spectral clustering $\widetilde{\rho}_1$,350,0.794285714286
kernel k-groups $\rho_{1}$,350,0.751428571429
kernel k-groups $\rho_{1/2}$,350,0.791428571429
kernel k-groups $\widetilde{\rho}_{1}$,350,0.877142857143
k-means,360,0.65
gmm,360,0.672222222222
spectral clustering $\widetilde{\rho}_1$,360,0.872222222222
kernel k-groups $\rho_{1}$,360,0.694444444444
kernel k-groups $\rho_{1/2}$,360,0.822222222222
kernel k-groups $\widetilde{\rho}_{1}$,360,0.897222222222
k-means,370,0.648648648649
gmm,370,0.694594594595
spectral clustering $\widetilde{\rho}_1$,370,0.848648648649
kernel k-groups $\rho_{1}$,370,0.713513513514
kernel k-groups $\rho_{1/2}$,370,0.821621621622
kernel k-groups $\widetilde{\rho}_{1}$,370,0.878378378378
k-means,380,0.736842105263
gmm,380,0.765789473684
spectral clustering $\widetilde{\rho}_1$,380,0.857894736842
kernel k-groups $\rho_{1}$,380,0.802631578947
kernel k-groups $\rho_{1/2}$,380,0.834210526316
kernel k-groups $\widetilde{\rho}_{1}$,380,0.902631578947
k-means,390,0.694871794872
gmm,390,0.728205128205
spectral clustering $\widetilde{\rho}_1$,390,0.802564102564
kernel k-groups $\rho_{1}$,390,0.776923076923
kernel k-groups $\rho_{1/2}$,390,0.782051282051
kernel k-groups $\widetilde{\rho}_{1}$,390,0.833333333333
k-means,400,0.685
gmm,400,0.79
spectral clustering $\widetilde{\rho}_1$,400,0.8475
kernel k-groups $\rho_{1}$,400,0.7775
kernel k-groups $\rho_{1/2}$,400,0.8125
kernel k-groups $\widetilde{\rho}_{1}$,400,0.8825
k-means,10,0.8
gmm,10,0.8
spectral clustering $\widetilde{\rho}_1$,10,0.5
kernel k-groups $\rho_{1}$,10,0.8
kernel k-groups $\rho_{1/2}$,10,0.8
kernel k-groups $\widetilde{\rho}_{1}$,10,0.8
k-means,20,0.55
gmm,20,0.75
spectral clustering $\widetilde{\rho}_1$,20,0.8
kernel k-groups $\rho_{1}$,20,0.55
kernel k-groups $\rho_{1/2}$,20,0.55
kernel k-groups $\widetilde{\rho}_{1}$,20,0.5
k-means,30,0.6
gmm,30,0.533333333333
spectral clustering $\widetilde{\rho}_1$,30,0.733333333333
kernel k-groups $\rho_{1}$,30,0.666666666667
kernel k-groups $\rho_{1/2}$,30,0.666666666667
kernel k-groups $\widetilde{\rho}_{1}$,30,0.733333333333
k-means,40,0.525
gmm,40,0.55
spectral clustering $\widetilde{\rho}_1$,40,0.65
kernel k-groups $\rho_{1}$,40,0.575
kernel k-groups $\rho_{1/2}$,40,0.575
kernel k-groups $\widetilde{\rho}_{1}$,40,0.775
k-means,50,0.52
gmm,50,0.56
spectral clustering $\widetilde{\rho}_1$,50,0.72
kernel k-groups $\rho_{1}$,50,0.72
kernel k-groups $\rho_{1/2}$,50,0.72
kernel k-groups $\widetilde{\rho}_{1}$,50,0.88
k-means,60,0.683333333333
gmm,60,0.616666666667
spectral clustering $\widetilde{\rho}_1$,60,0.716666666667
kernel k-groups $\rho_{1}$,60,0.633333333333
kernel k-groups $\rho_{1/2}$,60,0.65
kernel k-groups $\widetilde{\rho}_{1}$,60,0.733333333333
k-means,70,0.571428571429
gmm,70,0.657142857143
spectral clustering $\widetilde{\rho}_1$,70,0.728571428571
kernel k-groups $\rho_{1}$,70,0.814285714286
kernel k-groups $\rho_{1/2}$,70,0.8
kernel k-groups $\widetilde{\rho}_{1}$,70,0.828571428571
k-means,80,0.55
gmm,80,0.5625
spectral clustering $\widetilde{\rho}_1$,80,0.675
kernel k-groups $\rho_{1}$,80,0.5875
kernel k-groups $\rho_{1/2}$,80,0.55
kernel k-groups $\widetilde{\rho}_{1}$,80,0.8375
k-means,90,0.622222222222
gmm,90,0.555555555556
spectral clustering $\widetilde{\rho}_1$,90,0.566666666667
kernel k-groups $\rho_{1}$,90,0.6
kernel k-groups $\rho_{1/2}$,90,0.666666666667
kernel k-groups $\widetilde{\rho}_{1}$,90,0.855555555556
k-means,100,0.66
gmm,100,0.59
spectral clustering $\widetilde{\rho}_1$,100,0.57
kernel k-groups $\rho_{1}$,100,0.65
kernel k-groups $\rho_{1/2}$,100,0.73
kernel k-groups $\widetilde{\rho}_{1}$,100,0.85
k-means,110,0.6
gmm,110,0.527272727273
spectral clustering $\widetilde{\rho}_1$,110,0.772727272727
kernel k-groups $\rho_{1}$,110,0.618181818182
kernel k-groups $\rho_{1/2}$,110,0.772727272727
kernel k-groups $\widetilde{\rho}_{1}$,110,0.836363636364
k-means,120,0.516666666667
gmm,120,0.641666666667
spectral clustering $\widetilde{\rho}_1$,120,0.516666666667
kernel k-groups $\rho_{1}$,120,0.525
kernel k-groups $\rho_{1/2}$,120,0.541666666667
kernel k-groups $\widetilde{\rho}_{1}$,120,0.741666666667
k-means,130,0.584615384615
gmm,130,0.646153846154
spectral clustering $\widetilde{\rho}_1$,130,0.692307692308
kernel k-groups $\rho_{1}$,130,0.561538461538
kernel k-groups $\rho_{1/2}$,130,0.630769230769
kernel k-groups $\widetilde{\rho}_{1}$,130,0.861538461538
k-means,140,0.7
gmm,140,0.664285714286
spectral clustering $\widetilde{\rho}_1$,140,0.842857142857
kernel k-groups $\rho_{1}$,140,0.692857142857
kernel k-groups $\rho_{1/2}$,140,0.714285714286
kernel k-groups $\widetilde{\rho}_{1}$,140,0.907142857143
k-means,150,0.673333333333
gmm,150,0.513333333333
spectral clustering $\widetilde{\rho}_1$,150,0.786666666667
kernel k-groups $\rho_{1}$,150,0.72
kernel k-groups $\rho_{1/2}$,150,0.753333333333
kernel k-groups $\widetilde{\rho}_{1}$,150,0.866666666667
k-means,160,0.7375
gmm,160,0.8
spectral clustering $\widetilde{\rho}_1$,160,0.79375
kernel k-groups $\rho_{1}$,160,0.73125
kernel k-groups $\rho_{1/2}$,160,0.85
kernel k-groups $\widetilde{\rho}_{1}$,160,0.925
k-means,170,0.705882352941
gmm,170,0.511764705882
spectral clustering $\widetilde{\rho}_1$,170,0.835294117647
kernel k-groups $\rho_{1}$,170,0.729411764706
kernel k-groups $\rho_{1/2}$,170,0.729411764706
kernel k-groups $\widetilde{\rho}_{1}$,170,0.870588235294
k-means,180,0.766666666667
gmm,180,0.766666666667
spectral clustering $\widetilde{\rho}_1$,180,0.872222222222
kernel k-groups $\rho_{1}$,180,0.833333333333
kernel k-groups $\rho_{1/2}$,180,0.838888888889
kernel k-groups $\widetilde{\rho}_{1}$,180,0.894444444444
k-means,190,0.705263157895
gmm,190,0.794736842105
spectral clustering $\widetilde{\rho}_1$,190,0.768421052632
kernel k-groups $\rho_{1}$,190,0.752631578947
kernel k-groups $\rho_{1/2}$,190,0.763157894737
kernel k-groups $\widetilde{\rho}_{1}$,190,0.842105263158
k-means,200,0.655
gmm,200,0.65
spectral clustering $\widetilde{\rho}_1$,200,0.81
kernel k-groups $\rho_{1}$,200,0.71
kernel k-groups $\rho_{1/2}$,200,0.77
kernel k-groups $\widetilde{\rho}_{1}$,200,0.925
k-means,210,0.666666666667
gmm,210,0.657142857143
spectral clustering $\widetilde{\rho}_1$,210,0.82380952381
kernel k-groups $\rho_{1}$,210,0.704761904762
kernel k-groups $\rho_{1/2}$,210,0.733333333333
kernel k-groups $\widetilde{\rho}_{1}$,210,0.857142857143
k-means,220,0.7
gmm,220,0.659090909091
spectral clustering $\widetilde{\rho}_1$,220,0.872727272727
kernel k-groups $\rho_{1}$,220,0.75
kernel k-groups $\rho_{1/2}$,220,0.804545454545
kernel k-groups $\widetilde{\rho}_{1}$,220,0.868181818182
k-means,230,0.678260869565
gmm,230,0.739130434783
spectral clustering $\widetilde{\rho}_1$,230,0.821739130435
kernel k-groups $\rho_{1}$,230,0.739130434783
kernel k-groups $\rho_{1/2}$,230,0.817391304348
kernel k-groups $\widetilde{\rho}_{1}$,230,0.869565217391
k-means,240,0.7375
gmm,240,0.775
spectral clustering $\widetilde{\rho}_1$,240,0.8625
kernel k-groups $\rho_{1}$,240,0.783333333333
kernel k-groups $\rho_{1/2}$,240,0.816666666667
kernel k-groups $\widetilde{\rho}_{1}$,240,0.9
k-means,250,0.576
gmm,250,0.568
spectral clustering $\widetilde{\rho}_1$,250,0.792
kernel k-groups $\rho_{1}$,250,0.504
kernel k-groups $\rho_{1/2}$,250,0.76
kernel k-groups $\widetilde{\rho}_{1}$,250,0.916
k-means,260,0.688461538462
gmm,260,0.534615384615
spectral clustering $\widetilde{\rho}_1$,260,0.765384615385
kernel k-groups $\rho_{1}$,260,0.730769230769
kernel k-groups $\rho_{1/2}$,260,0.773076923077
kernel k-groups $\widetilde{\rho}_{1}$,260,0.873076923077
k-means,270,0.766666666667
gmm,270,0.807407407407
spectral clustering $\widetilde{\rho}_1$,270,0.877777777778
kernel k-groups $\rho_{1}$,270,0.807407407407
kernel k-groups $\rho_{1/2}$,270,0.822222222222
kernel k-groups $\widetilde{\rho}_{1}$,270,0.888888888889
k-means,280,0.728571428571
gmm,280,0.764285714286
spectral clustering $\widetilde{\rho}_1$,280,0.828571428571
kernel k-groups $\rho_{1}$,280,0.771428571429
kernel k-groups $\rho_{1/2}$,280,0.828571428571
kernel k-groups $\widetilde{\rho}_{1}$,280,0.917857142857
k-means,290,0.586206896552
gmm,290,0.703448275862
spectral clustering $\widetilde{\rho}_1$,290,0.820689655172
kernel k-groups $\rho_{1}$,290,0.696551724138
kernel k-groups $\rho_{1/2}$,290,0.744827586207
kernel k-groups $\widetilde{\rho}_{1}$,290,0.88275862069
k-means,300,0.68
gmm,300,0.713333333333
spectral clustering $\widetilde{\rho}_1$,300,0.75
kernel k-groups $\rho_{1}$,300,0.7
kernel k-groups $\rho_{1/2}$,300,0.713333333333
kernel k-groups $\widetilde{\rho}_{1}$,300,0.82
k-means,310,0.706451612903
gmm,310,0.674193548387
spectral clustering $\widetilde{\rho}_1$,310,0.861290322581
kernel k-groups $\rho_{1}$,310,0.761290322581
kernel k-groups $\rho_{1/2}$,310,0.832258064516
kernel k-groups $\widetilde{\rho}_{1}$,310,0.88064516129
k-means,320,0.5875
gmm,320,0.671875
spectral clustering $\widetilde{\rho}_1$,320,0.8125
kernel k-groups $\rho_{1}$,320,0.640625
kernel k-groups $\rho_{1/2}$,320,0.79375
kernel k-groups $\widetilde{\rho}_{1}$,320,0.86875
k-means,330,0.530303030303
gmm,330,0.724242424242
spectral clustering $\widetilde{\rho}_1$,330,0.784848484848
kernel k-groups $\rho_{1}$,330,0.751515151515
kernel k-groups $\rho_{1/2}$,330,0.766666666667
kernel k-groups $\widetilde{\rho}_{1}$,330,0.845454545455
k-means,340,0.726470588235
gmm,340,0.688235294118
spectral clustering $\widetilde{\rho}_1$,340,0.835294117647
kernel k-groups $\rho_{1}$,340,0.785294117647
kernel k-groups $\rho_{1/2}$,340,0.832352941176
kernel k-groups $\widetilde{\rho}_{1}$,340,0.876470588235
k-means,350,0.682857142857
gmm,350,0.728571428571
spectral clustering $\widetilde{\rho}_1$,350,0.851428571429
kernel k-groups $\rho_{1}$,350,0.728571428571
kernel k-groups $\rho_{1/2}$,350,0.808571428571
kernel k-groups $\widetilde{\rho}_{1}$,350,0.9
k-means,360,0.694444444444
gmm,360,0.702777777778
spectral clustering $\widetilde{\rho}_1$,360,0.844444444444
kernel k-groups $\rho_{1}$,360,0.747222222222
kernel k-groups $\rho_{1/2}$,360,0.752777777778
kernel k-groups $\widetilde{\rho}_{1}$,360,0.886111111111
k-means,370,0.708108108108
gmm,370,0.786486486486
spectral clustering $\widetilde{\rho}_1$,370,0.862162162162
kernel k-groups $\rho_{1}$,370,0.791891891892
kernel k-groups $\rho_{1/2}$,370,0.827027027027
kernel k-groups $\widetilde{\rho}_{1}$,370,0.878378378378
k-means,380,0.768421052632
gmm,380,0.797368421053
spectral clustering $\widetilde{\rho}_1$,380,0.836842105263
kernel k-groups $\rho_{1}$,380,0.786842105263
kernel k-groups $\rho_{1/2}$,380,0.823684210526
kernel k-groups $\widetilde{\rho}_{1}$,380,0.878947368421
k-means,390,0.741025641026
gmm,390,0.764102564103
spectral clustering $\widetilde{\rho}_1$,390,0.869230769231
kernel k-groups $\rho_{1}$,390,0.805128205128
kernel k-groups $\rho_{1/2}$,390,0.84358974359
kernel k-groups $\widetilde{\rho}_{1}$,390,0.889743589744
k-means,400,0.7375
gmm,400,0.78
spectral clustering $\widetilde{\rho}_1$,400,0.8525
kernel k-groups $\rho_{1}$,400,0.76
kernel k-groups $\rho_{1/2}$,400,0.7925
kernel k-groups $\widetilde{\rho}_{1}$,400,0.8675
k-means,10,1.0
gmm,10,1.0
spectral clustering $\widetilde{\rho}_1$,10,1.0
kernel k-groups $\rho_{1}$,10,1.0
kernel k-groups $\rho_{1/2}$,10,1.0
kernel k-groups $\widetilde{\rho}_{1}$,10,1.0
k-means,20,0.5
gmm,20,0.7
spectral clustering $\widetilde{\rho}_1$,20,0.8
kernel k-groups $\rho_{1}$,20,0.75
kernel k-groups $\rho_{1/2}$,20,0.55
kernel k-groups $\widetilde{\rho}_{1}$,20,0.75
k-means,30,0.633333333333
gmm,30,0.666666666667
spectral clustering $\widetilde{\rho}_1$,30,0.766666666667
kernel k-groups $\rho_{1}$,30,0.766666666667
kernel k-groups $\rho_{1/2}$,30,0.766666666667
kernel k-groups $\widetilde{\rho}_{1}$,30,0.833333333333
k-means,40,0.575
gmm,40,0.7
spectral clustering $\widetilde{\rho}_1$,40,0.6
kernel k-groups $\rho_{1}$,40,0.575
kernel k-groups $\rho_{1/2}$,40,0.6
kernel k-groups $\widetilde{\rho}_{1}$,40,0.825
k-means,50,0.58
gmm,50,0.52
spectral clustering $\widetilde{\rho}_1$,50,0.68
kernel k-groups $\rho_{1}$,50,0.62
kernel k-groups $\rho_{1/2}$,50,0.62
kernel k-groups $\widetilde{\rho}_{1}$,50,0.76
k-means,60,0.516666666667
gmm,60,0.533333333333
spectral clustering $\widetilde{\rho}_1$,60,0.733333333333
kernel k-groups $\rho_{1}$,60,0.716666666667
kernel k-groups $\rho_{1/2}$,60,0.6
kernel k-groups $\widetilde{\rho}_{1}$,60,0.766666666667
k-means,70,0.557142857143
gmm,70,0.6
spectral clustering $\widetilde{\rho}_1$,70,0.771428571429
kernel k-groups $\rho_{1}$,70,0.528571428571
kernel k-groups $\rho_{1/2}$,70,0.685714285714
kernel k-groups $\widetilde{\rho}_{1}$,70,0.8
k-means,80,0.6125
gmm,80,0.6
spectral clustering $\widetilde{\rho}_1$,80,0.75
kernel k-groups $\rho_{1}$,80,0.7
kernel k-groups $\rho_{1/2}$,80,0.7125
kernel k-groups $\widetilde{\rho}_{1}$,80,0.775
k-means,90,0.522222222222
gmm,90,0.555555555556
spectral clustering $\widetilde{\rho}_1$,90,0.655555555556
kernel k-groups $\rho_{1}$,90,0.511111111111
kernel k-groups $\rho_{1/2}$,90,0.622222222222
kernel k-groups $\widetilde{\rho}_{1}$,90,0.744444444444
k-means,100,0.67
gmm,100,0.57
spectral clustering $\widetilde{\rho}_1$,100,0.76
kernel k-groups $\rho_{1}$,100,0.7
kernel k-groups $\rho_{1/2}$,100,0.69
kernel k-groups $\widetilde{\rho}_{1}$,100,0.85
k-means,110,0.645454545455
gmm,110,0.590909090909
spectral clustering $\widetilde{\rho}_1$,110,0.818181818182
kernel k-groups $\rho_{1}$,110,0.690909090909
kernel k-groups $\rho_{1/2}$,110,0.736363636364
kernel k-groups $\widetilde{\rho}_{1}$,110,0.827272727273
k-means,120,0.516666666667
gmm,120,0.566666666667
spectral clustering $\widetilde{\rho}_1$,120,0.775
kernel k-groups $\rho_{1}$,120,0.658333333333
kernel k-groups $\rho_{1/2}$,120,0.516666666667
kernel k-groups $\widetilde{\rho}_{1}$,120,0.866666666667
k-means,130,0.607692307692
gmm,130,0.676923076923
spectral clustering $\widetilde{\rho}_1$,130,0.830769230769
kernel k-groups $\rho_{1}$,130,0.723076923077
kernel k-groups $\rho_{1/2}$,130,0.761538461538
kernel k-groups $\widetilde{\rho}_{1}$,130,0.830769230769
k-means,140,0.742857142857
gmm,140,0.721428571429
spectral clustering $\widetilde{\rho}_1$,140,0.792857142857
kernel k-groups $\rho_{1}$,140,0.728571428571
kernel k-groups $\rho_{1/2}$,140,0.75
kernel k-groups $\widetilde{\rho}_{1}$,140,0.842857142857
k-means,150,0.513333333333
gmm,150,0.533333333333
spectral clustering $\widetilde{\rho}_1$,150,0.72
kernel k-groups $\rho_{1}$,150,0.646666666667
kernel k-groups $\rho_{1/2}$,150,0.8
kernel k-groups $\widetilde{\rho}_{1}$,150,0.866666666667
k-means,160,0.66875
gmm,160,0.55625
spectral clustering $\widetilde{\rho}_1$,160,0.71875
kernel k-groups $\rho_{1}$,160,0.71875
kernel k-groups $\rho_{1/2}$,160,0.79375
kernel k-groups $\widetilde{\rho}_{1}$,160,0.9
k-means,170,0.752941176471
gmm,170,0.741176470588
spectral clustering $\widetilde{\rho}_1$,170,0.694117647059
kernel k-groups $\rho_{1}$,170,0.811764705882
kernel k-groups $\rho_{1/2}$,170,0.811764705882
kernel k-groups $\widetilde{\rho}_{1}$,170,0.852941176471
k-means,180,0.711111111111
gmm,180,0.544444444444
spectral clustering $\widetilde{\rho}_1$,180,0.777777777778
kernel k-groups $\rho_{1}$,180,0.755555555556
kernel k-groups $\rho_{1/2}$,180,0.766666666667
kernel k-groups $\widetilde{\rho}_{1}$,180,0.877777777778
k-means,190,0.710526315789
gmm,190,0.647368421053
spectral clustering $\widetilde{\rho}_1$,190,0.826315789474
kernel k-groups $\rho_{1}$,190,0.763157894737
kernel k-groups $\rho_{1/2}$,190,0.778947368421
kernel k-groups $\widetilde{\rho}_{1}$,190,0.873684210526
k-means,200,0.71
gmm,200,0.61
spectral clustering $\widetilde{\rho}_1$,200,0.71
kernel k-groups $\rho_{1}$,200,0.71
kernel k-groups $\rho_{1/2}$,200,0.77
kernel k-groups $\widetilde{\rho}_{1}$,200,0.805
k-means,210,0.742857142857
gmm,210,0.766666666667
spectral clustering $\widetilde{\rho}_1$,210,0.790476190476
kernel k-groups $\rho_{1}$,210,0.752380952381
kernel k-groups $\rho_{1/2}$,210,0.814285714286
kernel k-groups $\widetilde{\rho}_{1}$,210,0.842857142857
k-means,220,0.709090909091
gmm,220,0.777272727273
spectral clustering $\widetilde{\rho}_1$,220,0.740909090909
kernel k-groups $\rho_{1}$,220,0.731818181818
kernel k-groups $\rho_{1/2}$,220,0.809090909091
kernel k-groups $\widetilde{\rho}_{1}$,220,0.868181818182
k-means,230,0.669565217391
gmm,230,0.586956521739
spectral clustering $\widetilde{\rho}_1$,230,0.834782608696
kernel k-groups $\rho_{1}$,230,0.730434782609
kernel k-groups $\rho_{1/2}$,230,0.734782608696
kernel k-groups $\widetilde{\rho}_{1}$,230,0.85652173913
k-means,240,0.75
gmm,240,0.720833333333
spectral clustering $\widetilde{\rho}_1$,240,0.8125
kernel k-groups $\rho_{1}$,240,0.766666666667
kernel k-groups $\rho_{1/2}$,240,0.770833333333
kernel k-groups $\widetilde{\rho}_{1}$,240,0.841666666667
k-means,250,0.696
gmm,250,0.636
spectral clustering $\widetilde{\rho}_1$,250,0.908
kernel k-groups $\rho_{1}$,250,0.768
kernel k-groups $\rho_{1/2}$,250,0.864
kernel k-groups $\widetilde{\rho}_{1}$,250,0.9
k-means,260,0.65
gmm,260,0.538461538462
spectral clustering $\widetilde{\rho}_1$,260,0.776923076923
kernel k-groups $\rho_{1}$,260,0.665384615385
kernel k-groups $\rho_{1/2}$,260,0.715384615385
kernel k-groups $\widetilde{\rho}_{1}$,260,0.846153846154
k-means,270,0.762962962963
gmm,270,0.811111111111
spectral clustering $\widetilde{\rho}_1$,270,0.848148148148
kernel k-groups $\rho_{1}$,270,0.814814814815
kernel k-groups $\rho_{1/2}$,270,0.844444444444
kernel k-groups $\widetilde{\rho}_{1}$,270,0.911111111111
k-means,280,0.610714285714
gmm,280,0.603571428571
spectral clustering $\widetilde{\rho}_1$,280,0.778571428571
kernel k-groups $\rho_{1}$,280,0.667857142857
kernel k-groups $\rho_{1/2}$,280,0.810714285714
kernel k-groups $\widetilde{\rho}_{1}$,280,0.910714285714
k-means,290,0.720689655172
gmm,290,0.665517241379
spectral clustering $\widetilde{\rho}_1$,290,0.872413793103
kernel k-groups $\rho_{1}$,290,0.755172413793
kernel k-groups $\rho_{1/2}$,290,0.813793103448
kernel k-groups $\widetilde{\rho}_{1}$,290,0.88275862069
k-means,300,0.633333333333
gmm,300,0.646666666667
spectral clustering $\widetilde{\rho}_1$,300,0.803333333333
kernel k-groups $\rho_{1}$,300,0.736666666667
kernel k-groups $\rho_{1/2}$,300,0.756666666667
kernel k-groups $\widetilde{\rho}_{1}$,300,0.863333333333
k-means,310,0.716129032258
gmm,310,0.761290322581
spectral clustering $\widetilde{\rho}_1$,310,0.761290322581
kernel k-groups $\rho_{1}$,310,0.735483870968
kernel k-groups $\rho_{1/2}$,310,0.809677419355
kernel k-groups $\widetilde{\rho}_{1}$,310,0.861290322581
k-means,320,0.634375
gmm,320,0.709375
spectral clustering $\widetilde{\rho}_1$,320,0.753125
kernel k-groups $\rho_{1}$,320,0.771875
kernel k-groups $\rho_{1/2}$,320,0.790625
kernel k-groups $\widetilde{\rho}_{1}$,320,0.875
k-means,330,0.715151515152
gmm,330,0.742424242424
spectral clustering $\widetilde{\rho}_1$,330,0.824242424242
kernel k-groups $\rho_{1}$,330,0.748484848485
kernel k-groups $\rho_{1/2}$,330,0.769696969697
kernel k-groups $\widetilde{\rho}_{1}$,330,0.857575757576
k-means,340,0.65
gmm,340,0.761764705882
spectral clustering $\widetilde{\rho}_1$,340,0.744117647059
kernel k-groups $\rho_{1}$,340,0.717647058824
kernel k-groups $\rho_{1/2}$,340,0.770588235294
kernel k-groups $\widetilde{\rho}_{1}$,340,0.844117647059
k-means,350,0.682857142857
gmm,350,0.671428571429
spectral clustering $\widetilde{\rho}_1$,350,0.834285714286
kernel k-groups $\rho_{1}$,350,0.754285714286
kernel k-groups $\rho_{1/2}$,350,0.802857142857
kernel k-groups $\widetilde{\rho}_{1}$,350,0.882857142857
k-means,360,0.761111111111
gmm,360,0.544444444444
spectral clustering $\widetilde{\rho}_1$,360,0.888888888889
kernel k-groups $\rho_{1}$,360,0.775
kernel k-groups $\rho_{1/2}$,360,0.830555555556
kernel k-groups $\widetilde{\rho}_{1}$,360,0.891666666667
k-means,370,0.740540540541
gmm,370,0.797297297297
spectral clustering $\widetilde{\rho}_1$,370,0.872972972973
kernel k-groups $\rho_{1}$,370,0.821621621622
kernel k-groups $\rho_{1/2}$,370,0.862162162162
kernel k-groups $\widetilde{\rho}_{1}$,370,0.905405405405
k-means,380,0.739473684211
gmm,380,0.786842105263
spectral clustering $\widetilde{\rho}_1$,380,0.847368421053
kernel k-groups $\rho_{1}$,380,0.8
kernel k-groups $\rho_{1/2}$,380,0.823684210526
kernel k-groups $\widetilde{\rho}_{1}$,380,0.884210526316
k-means,390,0.7
gmm,390,0.733333333333
spectral clustering $\widetilde{\rho}_1$,390,0.835897435897
kernel k-groups $\rho_{1}$,390,0.735897435897
kernel k-groups $\rho_{1/2}$,390,0.807692307692
kernel k-groups $\widetilde{\rho}_{1}$,390,0.846153846154
k-means,400,0.7175
gmm,400,0.7425
spectral clustering $\widetilde{\rho}_1$,400,0.8125
kernel k-groups $\rho_{1}$,400,0.7875
kernel k-groups $\rho_{1/2}$,400,0.81
kernel k-groups $\widetilde{\rho}_{1}$,400,0.855
k-means,10,0.7
gmm,10,0.7
spectral clustering $\widetilde{\rho}_1$,10,0.7
kernel k-groups $\rho_{1}$,10,0.7
kernel k-groups $\rho_{1/2}$,10,0.7
kernel k-groups $\widetilde{\rho}_{1}$,10,0.7
k-means,20,0.75
gmm,20,0.7
spectral clustering $\widetilde{\rho}_1$,20,0.8
kernel k-groups $\rho_{1}$,20,0.7
kernel k-groups $\rho_{1/2}$,20,0.7
kernel k-groups $\widetilde{\rho}_{1}$,20,0.75
k-means,30,0.6
gmm,30,0.566666666667
spectral clustering $\widetilde{\rho}_1$,30,0.833333333333
kernel k-groups $\rho_{1}$,30,0.666666666667
kernel k-groups $\rho_{1/2}$,30,0.666666666667
kernel k-groups $\widetilde{\rho}_{1}$,30,0.866666666667
k-means,40,0.525
gmm,40,0.525
spectral clustering $\widetilde{\rho}_1$,40,0.725
kernel k-groups $\rho_{1}$,40,0.525
kernel k-groups $\rho_{1/2}$,40,0.525
kernel k-groups $\widetilde{\rho}_{1}$,40,0.725
k-means,50,0.7
gmm,50,0.64
spectral clustering $\widetilde{\rho}_1$,50,0.7
kernel k-groups $\rho_{1}$,50,0.58
kernel k-groups $\rho_{1/2}$,50,0.7
kernel k-groups $\widetilde{\rho}_{1}$,50,0.84
k-means,60,0.583333333333
gmm,60,0.65
spectral clustering $\widetilde{\rho}_1$,60,0.616666666667
kernel k-groups $\rho_{1}$,60,0.783333333333
kernel k-groups $\rho_{1/2}$,60,0.733333333333
kernel k-groups $\widetilde{\rho}_{1}$,60,0.883333333333
k-means,70,0.542857142857
gmm,70,0.614285714286
spectral clustering $\widetilde{\rho}_1$,70,0.742857142857
kernel k-groups $\rho_{1}$,70,0.7
kernel k-groups $\rho_{1/2}$,70,0.785714285714
kernel k-groups $\widetilde{\rho}_{1}$,70,0.828571428571
k-means,80,0.55
gmm,80,0.5875
spectral clustering $\widetilde{\rho}_1$,80,0.5875
kernel k-groups $\rho_{1}$,80,0.5125
kernel k-groups $\rho_{1/2}$,80,0.7375
kernel k-groups $\widetilde{\rho}_{1}$,80,0.85
k-means,90,0.644444444444
gmm,90,0.666666666667
spectral clustering $\widetilde{\rho}_1$,90,0.666666666667
kernel k-groups $\rho_{1}$,90,0.688888888889
kernel k-groups $\rho_{1/2}$,90,0.688888888889
kernel k-groups $\widetilde{\rho}_{1}$,90,0.777777777778
k-means,100,0.68
gmm,100,0.51
spectral clustering $\widetilde{\rho}_1$,100,0.79
kernel k-groups $\rho_{1}$,100,0.76
kernel k-groups $\rho_{1/2}$,100,0.79
kernel k-groups $\widetilde{\rho}_{1}$,100,0.88
k-means,110,0.545454545455
gmm,110,0.518181818182
spectral clustering $\widetilde{\rho}_1$,110,0.881818181818
kernel k-groups $\rho_{1}$,110,0.7
kernel k-groups $\rho_{1/2}$,110,0.818181818182
kernel k-groups $\widetilde{\rho}_{1}$,110,0.918181818182
k-means,120,0.758333333333
gmm,120,0.583333333333
spectral clustering $\widetilde{\rho}_1$,120,0.783333333333
kernel k-groups $\rho_{1}$,120,0.816666666667
kernel k-groups $\rho_{1/2}$,120,0.858333333333
kernel k-groups $\widetilde{\rho}_{1}$,120,0.916666666667
k-means,130,0.615384615385
gmm,130,0.592307692308
spectral clustering $\widetilde{\rho}_1$,130,0.869230769231
kernel k-groups $\rho_{1}$,130,0.815384615385
kernel k-groups $\rho_{1/2}$,130,0.876923076923
kernel k-groups $\widetilde{\rho}_{1}$,130,0.907692307692
k-means,140,0.642857142857
gmm,140,0.678571428571
spectral clustering $\widetilde{\rho}_1$,140,0.8
kernel k-groups $\rho_{1}$,140,0.664285714286
kernel k-groups $\rho_{1/2}$,140,0.8
kernel k-groups $\widetilde{\rho}_{1}$,140,0.864285714286
k-means,150,0.666666666667
gmm,150,0.613333333333
spectral clustering $\widetilde{\rho}_1$,150,0.813333333333
kernel k-groups $\rho_{1}$,150,0.653333333333
kernel k-groups $\rho_{1/2}$,150,0.686666666667
kernel k-groups $\widetilde{\rho}_{1}$,150,0.84
k-means,160,0.7
gmm,160,0.6625
spectral clustering $\widetilde{\rho}_1$,160,0.89375
kernel k-groups $\rho_{1}$,160,0.7375
kernel k-groups $\rho_{1/2}$,160,0.81875
kernel k-groups $\widetilde{\rho}_{1}$,160,0.9125
k-means,170,0.747058823529
gmm,170,0.641176470588
spectral clustering $\widetilde{\rho}_1$,170,0.847058823529
kernel k-groups $\rho_{1}$,170,0.770588235294
kernel k-groups $\rho_{1/2}$,170,0.811764705882
kernel k-groups $\widetilde{\rho}_{1}$,170,0.882352941176
k-means,180,0.766666666667
gmm,180,0.577777777778
spectral clustering $\widetilde{\rho}_1$,180,0.811111111111
kernel k-groups $\rho_{1}$,180,0.783333333333
kernel k-groups $\rho_{1/2}$,180,0.811111111111
kernel k-groups $\widetilde{\rho}_{1}$,180,0.861111111111
k-means,190,0.573684210526
gmm,190,0.657894736842
spectral clustering $\widetilde{\rho}_1$,190,0.815789473684
kernel k-groups $\rho_{1}$,190,0.736842105263
kernel k-groups $\rho_{1/2}$,190,0.778947368421
kernel k-groups $\widetilde{\rho}_{1}$,190,0.9
k-means,200,0.755
gmm,200,0.73
spectral clustering $\widetilde{\rho}_1$,200,0.855
kernel k-groups $\rho_{1}$,200,0.81
kernel k-groups $\rho_{1/2}$,200,0.825
kernel k-groups $\widetilde{\rho}_{1}$,200,0.88
k-means,210,0.509523809524
gmm,210,0.690476190476
spectral clustering $\widetilde{\rho}_1$,210,0.766666666667
kernel k-groups $\rho_{1}$,210,0.742857142857
kernel k-groups $\rho_{1/2}$,210,0.8
kernel k-groups $\widetilde{\rho}_{1}$,210,0.814285714286
k-means,220,0.759090909091
gmm,220,0.745454545455
spectral clustering $\widetilde{\rho}_1$,220,0.85
kernel k-groups $\rho_{1}$,220,0.781818181818
kernel k-groups $\rho_{1/2}$,220,0.818181818182
kernel k-groups $\widetilde{\rho}_{1}$,220,0.881818181818
k-means,230,0.669565217391
gmm,230,0.734782608696
spectral clustering $\widetilde{\rho}_1$,230,0.826086956522
kernel k-groups $\rho_{1}$,230,0.739130434783
kernel k-groups $\rho_{1/2}$,230,0.760869565217
kernel k-groups $\widetilde{\rho}_{1}$,230,0.847826086957
k-means,240,0.6875
gmm,240,0.708333333333
spectral clustering $\widetilde{\rho}_1$,240,0.8625
kernel k-groups $\rho_{1}$,240,0.766666666667
kernel k-groups $\rho_{1/2}$,240,0.8125
kernel k-groups $\widetilde{\rho}_{1}$,240,0.891666666667
k-means,250,0.74
gmm,250,0.764
spectral clustering $\widetilde{\rho}_1$,250,0.86
kernel k-groups $\rho_{1}$,250,0.792
kernel k-groups $\rho_{1/2}$,250,0.828
kernel k-groups $\widetilde{\rho}_{1}$,250,0.896
k-means,260,0.569230769231
gmm,260,0.503846153846
spectral clustering $\widetilde{\rho}_1$,260,0.719230769231
kernel k-groups $\rho_{1}$,260,0.715384615385
kernel k-groups $\rho_{1/2}$,260,0.738461538462
kernel k-groups $\widetilde{\rho}_{1}$,260,0.880769230769
k-means,270,0.740740740741
gmm,270,0.748148148148
spectral clustering $\widetilde{\rho}_1$,270,0.888888888889
kernel k-groups $\rho_{1}$,270,0.796296296296
kernel k-groups $\rho_{1/2}$,270,0.859259259259
kernel k-groups $\widetilde{\rho}_{1}$,270,0.885185185185
k-means,280,0.728571428571
gmm,280,0.635714285714
spectral clustering $\widetilde{\rho}_1$,280,0.832142857143
kernel k-groups $\rho_{1}$,280,0.764285714286
kernel k-groups $\rho_{1/2}$,280,0.792857142857
kernel k-groups $\widetilde{\rho}_{1}$,280,0.878571428571
k-means,290,0.689655172414
gmm,290,0.706896551724
spectral clustering $\widetilde{\rho}_1$,290,0.827586206897
kernel k-groups $\rho_{1}$,290,0.779310344828
kernel k-groups $\rho_{1/2}$,290,0.793103448276
kernel k-groups $\widetilde{\rho}_{1}$,290,0.889655172414
k-means,300,0.58
gmm,300,0.68
spectral clustering $\widetilde{\rho}_1$,300,0.8
kernel k-groups $\rho_{1}$,300,0.646666666667
kernel k-groups $\rho_{1/2}$,300,0.766666666667
kernel k-groups $\widetilde{\rho}_{1}$,300,0.856666666667
k-means,310,0.68064516129
gmm,310,0.735483870968
spectral clustering $\widetilde{\rho}_1$,310,0.835483870968
kernel k-groups $\rho_{1}$,310,0.706451612903
kernel k-groups $\rho_{1/2}$,310,0.770967741935
kernel k-groups $\widetilde{\rho}_{1}$,310,0.867741935484
k-means,320,0.703125
gmm,320,0.7875
spectral clustering $\widetilde{\rho}_1$,320,0.8375
kernel k-groups $\rho_{1}$,320,0.7875
kernel k-groups $\rho_{1/2}$,320,0.825
kernel k-groups $\widetilde{\rho}_{1}$,320,0.88125
k-means,330,0.639393939394
gmm,330,0.712121212121
spectral clustering $\widetilde{\rho}_1$,330,0.806060606061
kernel k-groups $\rho_{1}$,330,0.736363636364
kernel k-groups $\rho_{1/2}$,330,0.821212121212
kernel k-groups $\widetilde{\rho}_{1}$,330,0.857575757576
k-means,340,0.691176470588
gmm,340,0.661764705882
spectral clustering $\widetilde{\rho}_1$,340,0.820588235294
kernel k-groups $\rho_{1}$,340,0.711764705882
kernel k-groups $\rho_{1/2}$,340,0.741176470588
kernel k-groups $\widetilde{\rho}_{1}$,340,0.844117647059
k-means,350,0.734285714286
gmm,350,0.791428571429
spectral clustering $\widetilde{\rho}_1$,350,0.874285714286
kernel k-groups $\rho_{1}$,350,0.78
kernel k-groups $\rho_{1/2}$,350,0.814285714286
kernel k-groups $\widetilde{\rho}_{1}$,350,0.905714285714
k-means,360,0.702777777778
gmm,360,0.777777777778
spectral clustering $\widetilde{\rho}_1$,360,0.816666666667
kernel k-groups $\rho_{1}$,360,0.802777777778
kernel k-groups $\rho_{1/2}$,360,0.827777777778
kernel k-groups $\widetilde{\rho}_{1}$,360,0.85
k-means,370,0.667567567568
gmm,370,0.635135135135
spectral clustering $\widetilde{\rho}_1$,370,0.810810810811
kernel k-groups $\rho_{1}$,370,0.710810810811
kernel k-groups $\rho_{1/2}$,370,0.802702702703
kernel k-groups $\widetilde{\rho}_{1}$,370,0.878378378378
k-means,380,0.689473684211
gmm,380,0.728947368421
spectral clustering $\widetilde{\rho}_1$,380,0.857894736842
kernel k-groups $\rho_{1}$,380,0.715789473684
kernel k-groups $\rho_{1/2}$,380,0.784210526316
kernel k-groups $\widetilde{\rho}_{1}$,380,0.873684210526
k-means,390,0.658974358974
gmm,390,0.792307692308
spectral clustering $\widetilde{\rho}_1$,390,0.825641025641
kernel k-groups $\rho_{1}$,390,0.812820512821
kernel k-groups $\rho_{1/2}$,390,0.861538461538
kernel k-groups $\widetilde{\rho}_{1}$,390,0.884615384615
k-means,400,0.6625
gmm,400,0.73
spectral clustering $\widetilde{\rho}_1$,400,0.8375
kernel k-groups $\rho_{1}$,400,0.7125
kernel k-groups $\rho_{1/2}$,400,0.8325
kernel k-groups $\widetilde{\rho}_{1}$,400,0.8825
k-means,10,0.6
gmm,10,0.8
spectral clustering $\widetilde{\rho}_1$,10,0.7
kernel k-groups $\rho_{1}$,10,0.6
kernel k-groups $\rho_{1/2}$,10,0.6
kernel k-groups $\widetilde{\rho}_{1}$,10,0.7
k-means,20,0.6
gmm,20,0.85
spectral clustering $\widetilde{\rho}_1$,20,0.75
kernel k-groups $\rho_{1}$,20,0.8
kernel k-groups $\rho_{1/2}$,20,0.8
kernel k-groups $\widetilde{\rho}_{1}$,20,0.9
k-means,30,0.633333333333
gmm,30,0.633333333333
spectral clustering $\widetilde{\rho}_1$,30,0.566666666667
kernel k-groups $\rho_{1}$,30,0.633333333333
kernel k-groups $\rho_{1/2}$,30,0.633333333333
kernel k-groups $\widetilde{\rho}_{1}$,30,0.766666666667
k-means,40,0.9
gmm,40,0.8
spectral clustering $\widetilde{\rho}_1$,40,0.65
kernel k-groups $\rho_{1}$,40,0.9
kernel k-groups $\rho_{1/2}$,40,0.9
kernel k-groups $\widetilde{\rho}_{1}$,40,0.9
k-means,50,0.76
gmm,50,0.78
spectral clustering $\widetilde{\rho}_1$,50,0.58
kernel k-groups $\rho_{1}$,50,0.78
kernel k-groups $\rho_{1/2}$,50,0.8
kernel k-groups $\widetilde{\rho}_{1}$,50,0.92
k-means,60,0.533333333333
gmm,60,0.5
spectral clustering $\widetilde{\rho}_1$,60,0.616666666667
kernel k-groups $\rho_{1}$,60,0.533333333333
kernel k-groups $\rho_{1/2}$,60,0.533333333333
kernel k-groups $\widetilde{\rho}_{1}$,60,0.85
k-means,70,0.685714285714
gmm,70,0.585714285714
spectral clustering $\widetilde{\rho}_1$,70,0.657142857143
kernel k-groups $\rho_{1}$,70,0.785714285714
kernel k-groups $\rho_{1/2}$,70,0.8
kernel k-groups $\widetilde{\rho}_{1}$,70,0.828571428571
k-means,80,0.65
gmm,80,0.7875
spectral clustering $\widetilde{\rho}_1$,80,0.7875
kernel k-groups $\rho_{1}$,80,0.85
kernel k-groups $\rho_{1/2}$,80,0.875
kernel k-groups $\widetilde{\rho}_{1}$,80,0.825
k-means,90,0.777777777778
gmm,90,0.644444444444
spectral clustering $\widetilde{\rho}_1$,90,0.877777777778
kernel k-groups $\rho_{1}$,90,0.811111111111
kernel k-groups $\rho_{1/2}$,90,0.811111111111
kernel k-groups $\widetilde{\rho}_{1}$,90,0.866666666667
k-means,100,0.67
gmm,100,0.71
spectral clustering $\widetilde{\rho}_1$,100,0.7
kernel k-groups $\rho_{1}$,100,0.73
kernel k-groups $\rho_{1/2}$,100,0.75
kernel k-groups $\widetilde{\rho}_{1}$,100,0.88
k-means,110,0.554545454545
gmm,110,0.681818181818
spectral clustering $\widetilde{\rho}_1$,110,0.636363636364
kernel k-groups $\rho_{1}$,110,0.518181818182
kernel k-groups $\rho_{1/2}$,110,0.527272727273
kernel k-groups $\widetilde{\rho}_{1}$,110,0.781818181818
k-means,120,0.641666666667
gmm,120,0.641666666667
spectral clustering $\widetilde{\rho}_1$,120,0.816666666667
kernel k-groups $\rho_{1}$,120,0.766666666667
kernel k-groups $\rho_{1/2}$,120,0.766666666667
kernel k-groups $\widetilde{\rho}_{1}$,120,0.816666666667
k-means,130,0.515384615385
gmm,130,0.661538461538
spectral clustering $\widetilde{\rho}_1$,130,0.846153846154
kernel k-groups $\rho_{1}$,130,0.784615384615
kernel k-groups $\rho_{1/2}$,130,0.876923076923
kernel k-groups $\widetilde{\rho}_{1}$,130,0.9
k-means,140,0.671428571429
gmm,140,0.678571428571
spectral clustering $\widetilde{\rho}_1$,140,0.814285714286
kernel k-groups $\rho_{1}$,140,0.792857142857
kernel k-groups $\rho_{1/2}$,140,0.814285714286
kernel k-groups $\widetilde{\rho}_{1}$,140,0.857142857143
k-means,150,0.693333333333
gmm,150,0.72
spectral clustering $\widetilde{\rho}_1$,150,0.853333333333
kernel k-groups $\rho_{1}$,150,0.8
kernel k-groups $\rho_{1/2}$,150,0.8
kernel k-groups $\widetilde{\rho}_{1}$,150,0.84
k-means,160,0.55625
gmm,160,0.675
spectral clustering $\widetilde{\rho}_1$,160,0.80625
kernel k-groups $\rho_{1}$,160,0.55
kernel k-groups $\rho_{1/2}$,160,0.8125
kernel k-groups $\widetilde{\rho}_{1}$,160,0.825
k-means,170,0.688235294118
gmm,170,0.641176470588
spectral clustering $\widetilde{\rho}_1$,170,0.741176470588
kernel k-groups $\rho_{1}$,170,0.588235294118
kernel k-groups $\rho_{1/2}$,170,0.517647058824
kernel k-groups $\widetilde{\rho}_{1}$,170,0.858823529412
k-means,180,0.7
gmm,180,0.533333333333
spectral clustering $\widetilde{\rho}_1$,180,0.816666666667
kernel k-groups $\rho_{1}$,180,0.722222222222
kernel k-groups $\rho_{1/2}$,180,0.777777777778
kernel k-groups $\widetilde{\rho}_{1}$,180,0.838888888889
k-means,190,0.573684210526
gmm,190,0.668421052632
spectral clustering $\widetilde{\rho}_1$,190,0.594736842105
kernel k-groups $\rho_{1}$,190,0.678947368421
kernel k-groups $\rho_{1/2}$,190,0.784210526316
kernel k-groups $\widetilde{\rho}_{1}$,190,0.894736842105
k-means,200,0.655
gmm,200,0.52
spectral clustering $\widetilde{\rho}_1$,200,0.86
kernel k-groups $\rho_{1}$,200,0.73
kernel k-groups $\rho_{1/2}$,200,0.73
kernel k-groups $\widetilde{\rho}_{1}$,200,0.865
k-means,210,0.67619047619
gmm,210,0.733333333333
spectral clustering $\widetilde{\rho}_1$,210,0.833333333333
kernel k-groups $\rho_{1}$,210,0.77619047619
kernel k-groups $\rho_{1/2}$,210,0.828571428571
kernel k-groups $\widetilde{\rho}_{1}$,210,0.866666666667
k-means,220,0.622727272727
gmm,220,0.681818181818
spectral clustering $\widetilde{\rho}_1$,220,0.863636363636
kernel k-groups $\rho_{1}$,220,0.781818181818
kernel k-groups $\rho_{1/2}$,220,0.795454545455
kernel k-groups $\widetilde{\rho}_{1}$,220,0.881818181818
k-means,230,0.708695652174
gmm,230,0.765217391304
spectral clustering $\widetilde{\rho}_1$,230,0.808695652174
kernel k-groups $\rho_{1}$,230,0.765217391304
kernel k-groups $\rho_{1/2}$,230,0.769565217391
kernel k-groups $\widetilde{\rho}_{1}$,230,0.869565217391
k-means,240,0.608333333333
gmm,240,0.633333333333
spectral clustering $\widetilde{\rho}_1$,240,0.825
kernel k-groups $\rho_{1}$,240,0.6375
kernel k-groups $\rho_{1/2}$,240,0.7875
kernel k-groups $\widetilde{\rho}_{1}$,240,0.883333333333
k-means,250,0.672
gmm,250,0.6
spectral clustering $\widetilde{\rho}_1$,250,0.848
kernel k-groups $\rho_{1}$,250,0.804
kernel k-groups $\rho_{1/2}$,250,0.8
kernel k-groups $\widetilde{\rho}_{1}$,250,0.88
k-means,260,0.742307692308
gmm,260,0.742307692308
spectral clustering $\widetilde{\rho}_1$,260,0.842307692308
kernel k-groups $\rho_{1}$,260,0.784615384615
kernel k-groups $\rho_{1/2}$,260,0.826923076923
kernel k-groups $\widetilde{\rho}_{1}$,260,0.876923076923
k-means,270,0.562962962963
gmm,270,0.651851851852
spectral clustering $\widetilde{\rho}_1$,270,0.722222222222
kernel k-groups $\rho_{1}$,270,0.577777777778
kernel k-groups $\rho_{1/2}$,270,0.744444444444
kernel k-groups $\widetilde{\rho}_{1}$,270,0.82962962963
k-means,280,0.735714285714
gmm,280,0.75
spectral clustering $\widetilde{\rho}_1$,280,0.871428571429
kernel k-groups $\rho_{1}$,280,0.771428571429
kernel k-groups $\rho_{1/2}$,280,0.796428571429
kernel k-groups $\widetilde{\rho}_{1}$,280,0.885714285714
k-means,290,0.637931034483
gmm,290,0.741379310345
spectral clustering $\widetilde{\rho}_1$,290,0.827586206897
kernel k-groups $\rho_{1}$,290,0.737931034483
kernel k-groups $\rho_{1/2}$,290,0.779310344828
kernel k-groups $\widetilde{\rho}_{1}$,290,0.855172413793
k-means,300,0.54
gmm,300,0.75
spectral clustering $\widetilde{\rho}_1$,300,0.843333333333
kernel k-groups $\rho_{1}$,300,0.683333333333
kernel k-groups $\rho_{1/2}$,300,0.843333333333
kernel k-groups $\widetilde{\rho}_{1}$,300,0.856666666667
k-means,310,0.625806451613
gmm,310,0.712903225806
spectral clustering $\widetilde{\rho}_1$,310,0.816129032258
kernel k-groups $\rho_{1}$,310,0.754838709677
kernel k-groups $\rho_{1/2}$,310,0.764516129032
kernel k-groups $\widetilde{\rho}_{1}$,310,0.874193548387
k-means,320,0.68125
gmm,320,0.659375
spectral clustering $\widetilde{\rho}_1$,320,0.8375
kernel k-groups $\rho_{1}$,320,0.715625
kernel k-groups $\rho_{1/2}$,320,0.771875
kernel k-groups $\widetilde{\rho}_{1}$,320,0.859375
k-means,330,0.748484848485
gmm,330,0.654545454545
spectral clustering $\widetilde{\rho}_1$,330,0.839393939394
kernel k-groups $\rho_{1}$,330,0.793939393939
kernel k-groups $\rho_{1/2}$,330,0.79696969697
kernel k-groups $\widetilde{\rho}_{1}$,330,0.884848484848
k-means,340,0.641176470588
gmm,340,0.688235294118
spectral clustering $\widetilde{\rho}_1$,340,0.794117647059
kernel k-groups $\rho_{1}$,340,0.720588235294
kernel k-groups $\rho_{1/2}$,340,0.794117647059
kernel k-groups $\widetilde{\rho}_{1}$,340,0.855882352941
k-means,350,0.74
gmm,350,0.734285714286
spectral clustering $\widetilde{\rho}_1$,350,0.845714285714
kernel k-groups $\rho_{1}$,350,0.74
kernel k-groups $\rho_{1/2}$,350,0.825714285714
kernel k-groups $\widetilde{\rho}_{1}$,350,0.862857142857
k-means,360,0.727777777778
gmm,360,0.711111111111
spectral clustering $\widetilde{\rho}_1$,360,0.85
kernel k-groups $\rho_{1}$,360,0.75
kernel k-groups $\rho_{1/2}$,360,0.791666666667
kernel k-groups $\widetilde{\rho}_{1}$,360,0.9
k-means,370,0.645945945946
gmm,370,0.764864864865
spectral clustering $\widetilde{\rho}_1$,370,0.824324324324
kernel k-groups $\rho_{1}$,370,0.72972972973
kernel k-groups $\rho_{1/2}$,370,0.794594594595
kernel k-groups $\widetilde{\rho}_{1}$,370,0.897297297297
k-means,380,0.747368421053
gmm,380,0.771052631579
spectral clustering $\widetilde{\rho}_1$,380,0.85
kernel k-groups $\rho_{1}$,380,0.813157894737
kernel k-groups $\rho_{1/2}$,380,0.852631578947
kernel k-groups $\widetilde{\rho}_{1}$,380,0.871052631579
k-means,390,0.712820512821
gmm,390,0.720512820513
spectral clustering $\widetilde{\rho}_1$,390,0.871794871795
kernel k-groups $\rho_{1}$,390,0.753846153846
kernel k-groups $\rho_{1/2}$,390,0.820512820513
kernel k-groups $\widetilde{\rho}_{1}$,390,0.889743589744
k-means,400,0.7
gmm,400,0.7225
spectral clustering $\widetilde{\rho}_1$,400,0.855
kernel k-groups $\rho_{1}$,400,0.7275
kernel k-groups $\rho_{1/2}$,400,0.81
kernel k-groups $\widetilde{\rho}_{1}$,400,0.8825
k-means,10,0.6
gmm,10,0.6
spectral clustering $\widetilde{\rho}_1$,10,0.6
kernel k-groups $\rho_{1}$,10,0.6
kernel k-groups $\rho_{1/2}$,10,0.6
kernel k-groups $\widetilde{\rho}_{1}$,10,0.8
k-means,20,0.65
gmm,20,0.55
spectral clustering $\widetilde{\rho}_1$,20,0.65
kernel k-groups $\rho_{1}$,20,0.7
kernel k-groups $\rho_{1/2}$,20,0.65
kernel k-groups $\widetilde{\rho}_{1}$,20,0.75
k-means,30,0.733333333333
gmm,30,0.7
spectral clustering $\widetilde{\rho}_1$,30,0.7
kernel k-groups $\rho_{1}$,30,0.8
kernel k-groups $\rho_{1/2}$,30,0.833333333333
kernel k-groups $\widetilde{\rho}_{1}$,30,0.9
k-means,40,0.75
gmm,40,0.7
spectral clustering $\widetilde{\rho}_1$,40,0.65
kernel k-groups $\rho_{1}$,40,0.725
kernel k-groups $\rho_{1/2}$,40,0.75
kernel k-groups $\widetilde{\rho}_{1}$,40,0.85
k-means,50,0.62
gmm,50,0.52
spectral clustering $\widetilde{\rho}_1$,50,0.76
kernel k-groups $\rho_{1}$,50,0.52
kernel k-groups $\rho_{1/2}$,50,0.56
kernel k-groups $\widetilde{\rho}_{1}$,50,0.78
k-means,60,0.55
gmm,60,0.616666666667
spectral clustering $\widetilde{\rho}_1$,60,0.666666666667
kernel k-groups $\rho_{1}$,60,0.633333333333
kernel k-groups $\rho_{1/2}$,60,0.75
kernel k-groups $\widetilde{\rho}_{1}$,60,0.916666666667
k-means,70,0.628571428571
gmm,70,0.642857142857
spectral clustering $\widetilde{\rho}_1$,70,0.714285714286
kernel k-groups $\rho_{1}$,70,0.685714285714
kernel k-groups $\rho_{1/2}$,70,0.7
kernel k-groups $\widetilde{\rho}_{1}$,70,0.785714285714
k-means,80,0.6125
gmm,80,0.575
spectral clustering $\widetilde{\rho}_1$,80,0.6875
kernel k-groups $\rho_{1}$,80,0.6625
kernel k-groups $\rho_{1/2}$,80,0.675
kernel k-groups $\widetilde{\rho}_{1}$,80,0.7875
k-means,90,0.511111111111
gmm,90,0.6
spectral clustering $\widetilde{\rho}_1$,90,0.677777777778
kernel k-groups $\rho_{1}$,90,0.622222222222
kernel k-groups $\rho_{1/2}$,90,0.644444444444
kernel k-groups $\widetilde{\rho}_{1}$,90,0.711111111111
k-means,100,0.68
gmm,100,0.5
spectral clustering $\widetilde{\rho}_1$,100,0.71
kernel k-groups $\rho_{1}$,100,0.73
kernel k-groups $\rho_{1/2}$,100,0.73
kernel k-groups $\widetilde{\rho}_{1}$,100,0.78
k-means,110,0.590909090909
gmm,110,0.5
spectral clustering $\widetilde{\rho}_1$,110,0.718181818182
kernel k-groups $\rho_{1}$,110,0.654545454545
kernel k-groups $\rho_{1/2}$,110,0.618181818182
kernel k-groups $\widetilde{\rho}_{1}$,110,0.845454545455
k-means,120,0.641666666667
gmm,120,0.666666666667
spectral clustering $\widetilde{\rho}_1$,120,0.741666666667
kernel k-groups $\rho_{1}$,120,0.691666666667
kernel k-groups $\rho_{1/2}$,120,0.658333333333
kernel k-groups $\widetilde{\rho}_{1}$,120,0.816666666667
k-means,130,0.630769230769
gmm,130,0.669230769231
spectral clustering $\widetilde{\rho}_1$,130,0.646153846154
kernel k-groups $\rho_{1}$,130,0.715384615385
kernel k-groups $\rho_{1/2}$,130,0.776923076923
kernel k-groups $\widetilde{\rho}_{1}$,130,0.792307692308
k-means,140,0.6
gmm,140,0.621428571429
spectral clustering $\widetilde{\rho}_1$,140,0.685714285714
kernel k-groups $\rho_{1}$,140,0.721428571429
kernel k-groups $\rho_{1/2}$,140,0.685714285714
kernel k-groups $\widetilde{\rho}_{1}$,140,0.814285714286
k-means,150,0.573333333333
gmm,150,0.693333333333
spectral clustering $\widetilde{\rho}_1$,150,0.8
kernel k-groups $\rho_{1}$,150,0.66
kernel k-groups $\rho_{1/2}$,150,0.78
kernel k-groups $\widetilde{\rho}_{1}$,150,0.88
k-means,160,0.59375
gmm,160,0.6625
spectral clustering $\widetilde{\rho}_1$,160,0.68125
kernel k-groups $\rho_{1}$,160,0.7375
kernel k-groups $\rho_{1/2}$,160,0.74375
kernel k-groups $\widetilde{\rho}_{1}$,160,0.8875
k-means,170,0.676470588235
gmm,170,0.694117647059
spectral clustering $\widetilde{\rho}_1$,170,0.782352941176
kernel k-groups $\rho_{1}$,170,0.729411764706
kernel k-groups $\rho_{1/2}$,170,0.776470588235
kernel k-groups $\widetilde{\rho}_{1}$,170,0.847058823529
k-means,180,0.638888888889
gmm,180,0.683333333333
spectral clustering $\widetilde{\rho}_1$,180,0.811111111111
kernel k-groups $\rho_{1}$,180,0.672222222222
kernel k-groups $\rho_{1/2}$,180,0.75
kernel k-groups $\widetilde{\rho}_{1}$,180,0.866666666667
k-means,190,0.678947368421
gmm,190,0.547368421053
spectral clustering $\widetilde{\rho}_1$,190,0.736842105263
kernel k-groups $\rho_{1}$,190,0.778947368421
kernel k-groups $\rho_{1/2}$,190,0.789473684211
kernel k-groups $\widetilde{\rho}_{1}$,190,0.873684210526
k-means,200,0.635
gmm,200,0.635
spectral clustering $\widetilde{\rho}_1$,200,0.795
kernel k-groups $\rho_{1}$,200,0.785
kernel k-groups $\rho_{1/2}$,200,0.785
kernel k-groups $\widetilde{\rho}_{1}$,200,0.835
k-means,210,0.719047619048
gmm,210,0.580952380952
spectral clustering $\widetilde{\rho}_1$,210,0.785714285714
kernel k-groups $\rho_{1}$,210,0.752380952381
kernel k-groups $\rho_{1/2}$,210,0.819047619048
kernel k-groups $\widetilde{\rho}_{1}$,210,0.861904761905
k-means,220,0.527272727273
gmm,220,0.572727272727
spectral clustering $\widetilde{\rho}_1$,220,0.772727272727
kernel k-groups $\rho_{1}$,220,0.718181818182
kernel k-groups $\rho_{1/2}$,220,0.763636363636
kernel k-groups $\widetilde{\rho}_{1}$,220,0.859090909091
k-means,230,0.621739130435
gmm,230,0.660869565217
spectral clustering $\widetilde{\rho}_1$,230,0.782608695652
kernel k-groups $\rho_{1}$,230,0.704347826087
kernel k-groups $\rho_{1/2}$,230,0.713043478261
kernel k-groups $\widetilde{\rho}_{1}$,230,0.808695652174
k-means,240,0.779166666667
gmm,240,0.629166666667
spectral clustering $\widetilde{\rho}_1$,240,0.858333333333
kernel k-groups $\rho_{1}$,240,0.804166666667
kernel k-groups $\rho_{1/2}$,240,0.829166666667
kernel k-groups $\widetilde{\rho}_{1}$,240,0.9125
k-means,250,0.608
gmm,250,0.632
spectral clustering $\widetilde{\rho}_1$,250,0.816
kernel k-groups $\rho_{1}$,250,0.76
kernel k-groups $\rho_{1/2}$,250,0.804
kernel k-groups $\widetilde{\rho}_{1}$,250,0.876
k-means,260,0.676923076923
gmm,260,0.730769230769
spectral clustering $\widetilde{\rho}_1$,260,0.811538461538
kernel k-groups $\rho_{1}$,260,0.707692307692
kernel k-groups $\rho_{1/2}$,260,0.711538461538
kernel k-groups $\widetilde{\rho}_{1}$,260,0.923076923077
k-means,270,0.711111111111
gmm,270,0.740740740741
spectral clustering $\widetilde{\rho}_1$,270,0.844444444444
kernel k-groups $\rho_{1}$,270,0.748148148148
kernel k-groups $\rho_{1/2}$,270,0.781481481481
kernel k-groups $\widetilde{\rho}_{1}$,270,0.903703703704
k-means,280,0.660714285714
gmm,280,0.746428571429
spectral clustering $\widetilde{\rho}_1$,280,0.810714285714
kernel k-groups $\rho_{1}$,280,0.767857142857
kernel k-groups $\rho_{1/2}$,280,0.832142857143
kernel k-groups $\widetilde{\rho}_{1}$,280,0.871428571429
k-means,290,0.703448275862
gmm,290,0.741379310345
spectral clustering $\widetilde{\rho}_1$,290,0.793103448276
kernel k-groups $\rho_{1}$,290,0.765517241379
kernel k-groups $\rho_{1/2}$,290,0.789655172414
kernel k-groups $\widetilde{\rho}_{1}$,290,0.875862068966
k-means,300,0.746666666667
gmm,300,0.77
spectral clustering $\widetilde{\rho}_1$,300,0.873333333333
kernel k-groups $\rho_{1}$,300,0.793333333333
kernel k-groups $\rho_{1/2}$,300,0.826666666667
kernel k-groups $\widetilde{\rho}_{1}$,300,0.9
k-means,310,0.68064516129
gmm,310,0.729032258065
spectral clustering $\widetilde{\rho}_1$,310,0.874193548387
kernel k-groups $\rho_{1}$,310,0.8
kernel k-groups $\rho_{1/2}$,310,0.845161290323
kernel k-groups $\widetilde{\rho}_{1}$,310,0.890322580645
k-means,320,0.690625
gmm,320,0.74375
spectral clustering $\widetilde{\rho}_1$,320,0.80625
kernel k-groups $\rho_{1}$,320,0.740625
kernel k-groups $\rho_{1/2}$,320,0.7625
kernel k-groups $\widetilde{\rho}_{1}$,320,0.884375
k-means,330,0.718181818182
gmm,330,0.736363636364
spectral clustering $\widetilde{\rho}_1$,330,0.839393939394
kernel k-groups $\rho_{1}$,330,0.772727272727
kernel k-groups $\rho_{1/2}$,330,0.80303030303
kernel k-groups $\widetilde{\rho}_{1}$,330,0.918181818182
k-means,340,0.664705882353
gmm,340,0.623529411765
spectral clustering $\widetilde{\rho}_1$,340,0.788235294118
kernel k-groups $\rho_{1}$,340,0.7
kernel k-groups $\rho_{1/2}$,340,0.776470588235
kernel k-groups $\widetilde{\rho}_{1}$,340,0.858823529412
k-means,350,0.697142857143
gmm,350,0.74
spectral clustering $\widetilde{\rho}_1$,350,0.857142857143
kernel k-groups $\rho_{1}$,350,0.791428571429
kernel k-groups $\rho_{1/2}$,350,0.805714285714
kernel k-groups $\widetilde{\rho}_{1}$,350,0.868571428571
k-means,360,0.655555555556
gmm,360,0.702777777778
spectral clustering $\widetilde{\rho}_1$,360,0.816666666667
kernel k-groups $\rho_{1}$,360,0.747222222222
kernel k-groups $\rho_{1/2}$,360,0.761111111111
kernel k-groups $\widetilde{\rho}_{1}$,360,0.891666666667
k-means,370,0.702702702703
gmm,370,0.783783783784
spectral clustering $\widetilde{\rho}_1$,370,0.859459459459
kernel k-groups $\rho_{1}$,370,0.824324324324
kernel k-groups $\rho_{1/2}$,370,0.848648648649
kernel k-groups $\widetilde{\rho}_{1}$,370,0.867567567568
k-means,380,0.697368421053
gmm,380,0.689473684211
spectral clustering $\widetilde{\rho}_1$,380,0.802631578947
kernel k-groups $\rho_{1}$,380,0.707894736842
kernel k-groups $\rho_{1/2}$,380,0.771052631579
kernel k-groups $\widetilde{\rho}_{1}$,380,0.865789473684
k-means,390,0.730769230769
gmm,390,0.774358974359
spectral clustering $\widetilde{\rho}_1$,390,0.876923076923
kernel k-groups $\rho_{1}$,390,0.789743589744
kernel k-groups $\rho_{1/2}$,390,0.830769230769
kernel k-groups $\widetilde{\rho}_{1}$,390,0.912820512821
k-means,400,0.705
gmm,400,0.7625
spectral clustering $\widetilde{\rho}_1$,400,0.85
kernel k-groups $\rho_{1}$,400,0.75
kernel k-groups $\rho_{1/2}$,400,0.805
kernel k-groups $\widetilde{\rho}_{1}$,400,0.8825
k-means,10,0.6
gmm,10,0.6
spectral clustering $\widetilde{\rho}_1$,10,0.7
kernel k-groups $\rho_{1}$,10,0.6
kernel k-groups $\rho_{1/2}$,10,0.5
kernel k-groups $\widetilde{\rho}_{1}$,10,0.5
k-means,20,0.55
gmm,20,0.5
spectral clustering $\widetilde{\rho}_1$,20,0.7
kernel k-groups $\rho_{1}$,20,0.75
kernel k-groups $\rho_{1/2}$,20,0.75
kernel k-groups $\widetilde{\rho}_{1}$,20,0.9
k-means,30,0.533333333333
gmm,30,0.6
spectral clustering $\widetilde{\rho}_1$,30,0.6
kernel k-groups $\rho_{1}$,30,0.566666666667
kernel k-groups $\rho_{1/2}$,30,0.533333333333
kernel k-groups $\widetilde{\rho}_{1}$,30,0.666666666667
k-means,40,0.575
gmm,40,0.675
spectral clustering $\widetilde{\rho}_1$,40,0.6
kernel k-groups $\rho_{1}$,40,0.6
kernel k-groups $\rho_{1/2}$,40,0.6
kernel k-groups $\widetilde{\rho}_{1}$,40,0.55
k-means,50,0.66
gmm,50,0.6
spectral clustering $\widetilde{\rho}_1$,50,0.6
kernel k-groups $\rho_{1}$,50,0.54
kernel k-groups $\rho_{1/2}$,50,0.68
kernel k-groups $\widetilde{\rho}_{1}$,50,0.72
k-means,60,0.5
gmm,60,0.516666666667
spectral clustering $\widetilde{\rho}_1$,60,0.7
kernel k-groups $\rho_{1}$,60,0.666666666667
kernel k-groups $\rho_{1/2}$,60,0.666666666667
kernel k-groups $\widetilde{\rho}_{1}$,60,0.85
k-means,70,0.628571428571
gmm,70,0.514285714286
spectral clustering $\widetilde{\rho}_1$,70,0.828571428571
kernel k-groups $\rho_{1}$,70,0.614285714286
kernel k-groups $\rho_{1/2}$,70,0.728571428571
kernel k-groups $\widetilde{\rho}_{1}$,70,0.842857142857
k-means,80,0.6375
gmm,80,0.625
spectral clustering $\widetilde{\rho}_1$,80,0.7625
kernel k-groups $\rho_{1}$,80,0.75
kernel k-groups $\rho_{1/2}$,80,0.825
kernel k-groups $\widetilde{\rho}_{1}$,80,0.85
k-means,90,0.622222222222
gmm,90,0.522222222222
spectral clustering $\widetilde{\rho}_1$,90,0.8
kernel k-groups $\rho_{1}$,90,0.677777777778
kernel k-groups $\rho_{1/2}$,90,0.655555555556
kernel k-groups $\widetilde{\rho}_{1}$,90,0.866666666667
k-means,100,0.74
gmm,100,0.55
spectral clustering $\widetilde{\rho}_1$,100,0.76
kernel k-groups $\rho_{1}$,100,0.77
kernel k-groups $\rho_{1/2}$,100,0.82
kernel k-groups $\widetilde{\rho}_{1}$,100,0.89
k-means,110,0.645454545455
gmm,110,0.581818181818
spectral clustering $\widetilde{\rho}_1$,110,0.754545454545
kernel k-groups $\rho_{1}$,110,0.690909090909
kernel k-groups $\rho_{1/2}$,110,0.718181818182
kernel k-groups $\widetilde{\rho}_{1}$,110,0.8
k-means,120,0.658333333333
gmm,120,0.541666666667
spectral clustering $\widetilde{\rho}_1$,120,0.741666666667
kernel k-groups $\rho_{1}$,120,0.716666666667
kernel k-groups $\rho_{1/2}$,120,0.808333333333
kernel k-groups $\widetilde{\rho}_{1}$,120,0.85
k-means,130,0.7
gmm,130,0.7
spectral clustering $\widetilde{\rho}_1$,130,0.638461538462
kernel k-groups $\rho_{1}$,130,0.715384615385
kernel k-groups $\rho_{1/2}$,130,0.738461538462
kernel k-groups $\widetilde{\rho}_{1}$,130,0.784615384615
k-means,140,0.6
gmm,140,0.564285714286
spectral clustering $\widetilde{\rho}_1$,140,0.835714285714
kernel k-groups $\rho_{1}$,140,0.7
kernel k-groups $\rho_{1/2}$,140,0.685714285714
kernel k-groups $\widetilde{\rho}_{1}$,140,0.821428571429
k-means,150,0.666666666667
gmm,150,0.58
spectral clustering $\widetilde{\rho}_1$,150,0.806666666667
kernel k-groups $\rho_{1}$,150,0.72
kernel k-groups $\rho_{1/2}$,150,0.733333333333
kernel k-groups $\widetilde{\rho}_{1}$,150,0.866666666667
k-means,160,0.6875
gmm,160,0.63125
spectral clustering $\widetilde{\rho}_1$,160,0.76875
kernel k-groups $\rho_{1}$,160,0.75625
kernel k-groups $\rho_{1/2}$,160,0.79375
kernel k-groups $\widetilde{\rho}_{1}$,160,0.8625
k-means,170,0.505882352941
gmm,170,0.517647058824
spectral clustering $\widetilde{\rho}_1$,170,0.7
kernel k-groups $\rho_{1}$,170,0.511764705882
kernel k-groups $\rho_{1/2}$,170,0.511764705882
kernel k-groups $\widetilde{\rho}_{1}$,170,0.894117647059
k-means,180,0.727777777778
gmm,180,0.694444444444
spectral clustering $\widetilde{\rho}_1$,180,0.85
kernel k-groups $\rho_{1}$,180,0.744444444444
kernel k-groups $\rho_{1/2}$,180,0.833333333333
kernel k-groups $\widetilde{\rho}_{1}$,180,0.883333333333
k-means,190,0.668421052632
gmm,190,0.631578947368
spectral clustering $\widetilde{\rho}_1$,190,0.857894736842
kernel k-groups $\rho_{1}$,190,0.773684210526
kernel k-groups $\rho_{1/2}$,190,0.815789473684
kernel k-groups $\widetilde{\rho}_{1}$,190,0.863157894737
k-means,200,0.775
gmm,200,0.77
spectral clustering $\widetilde{\rho}_1$,200,0.785
kernel k-groups $\rho_{1}$,200,0.79
kernel k-groups $\rho_{1/2}$,200,0.81
kernel k-groups $\widetilde{\rho}_{1}$,200,0.865
k-means,210,0.519047619048
gmm,210,0.5
spectral clustering $\widetilde{\rho}_1$,210,0.761904761905
kernel k-groups $\rho_{1}$,210,0.709523809524
kernel k-groups $\rho_{1/2}$,210,0.809523809524
kernel k-groups $\widetilde{\rho}_{1}$,210,0.842857142857
k-means,220,0.627272727273
gmm,220,0.740909090909
spectral clustering $\widetilde{\rho}_1$,220,0.781818181818
kernel k-groups $\rho_{1}$,220,0.790909090909
kernel k-groups $\rho_{1/2}$,220,0.813636363636
kernel k-groups $\widetilde{\rho}_{1}$,220,0.845454545455
k-means,230,0.713043478261
gmm,230,0.786956521739
spectral clustering $\widetilde{\rho}_1$,230,0.786956521739
kernel k-groups $\rho_{1}$,230,0.765217391304
kernel k-groups $\rho_{1/2}$,230,0.8
kernel k-groups $\widetilde{\rho}_{1}$,230,0.886956521739
k-means,240,0.545833333333
gmm,240,0.608333333333
spectral clustering $\widetilde{\rho}_1$,240,0.820833333333
kernel k-groups $\rho_{1}$,240,0.708333333333
kernel k-groups $\rho_{1/2}$,240,0.7875
kernel k-groups $\widetilde{\rho}_{1}$,240,0.8375
k-means,250,0.684
gmm,250,0.668
spectral clustering $\widetilde{\rho}_1$,250,0.836
kernel k-groups $\rho_{1}$,250,0.74
kernel k-groups $\rho_{1/2}$,250,0.836
kernel k-groups $\widetilde{\rho}_{1}$,250,0.86
k-means,260,0.696153846154
gmm,260,0.730769230769
spectral clustering $\widetilde{\rho}_1$,260,0.788461538462
kernel k-groups $\rho_{1}$,260,0.780769230769
kernel k-groups $\rho_{1/2}$,260,0.807692307692
kernel k-groups $\widetilde{\rho}_{1}$,260,0.873076923077
k-means,270,0.507407407407
gmm,270,0.7
spectral clustering $\widetilde{\rho}_1$,270,0.792592592593
kernel k-groups $\rho_{1}$,270,0.62962962963
kernel k-groups $\rho_{1/2}$,270,0.740740740741
kernel k-groups $\widetilde{\rho}_{1}$,270,0.87037037037
k-means,280,0.746428571429
gmm,280,0.771428571429
spectral clustering $\widetilde{\rho}_1$,280,0.85
kernel k-groups $\rho_{1}$,280,0.764285714286
kernel k-groups $\rho_{1/2}$,280,0.803571428571
kernel k-groups $\widetilde{\rho}_{1}$,280,0.889285714286
k-means,290,0.572413793103
gmm,290,0.703448275862
spectral clustering $\widetilde{\rho}_1$,290,0.775862068966
kernel k-groups $\rho_{1}$,290,0.689655172414
kernel k-groups $\rho_{1/2}$,290,0.710344827586
kernel k-groups $\widetilde{\rho}_{1}$,290,0.9
k-means,300,0.58
gmm,300,0.72
spectral clustering $\widetilde{\rho}_1$,300,0.74
kernel k-groups $\rho_{1}$,300,0.61
kernel k-groups $\rho_{1/2}$,300,0.656666666667
kernel k-groups $\widetilde{\rho}_{1}$,300,0.886666666667
k-means,310,0.735483870968
gmm,310,0.71935483871
spectral clustering $\widetilde{\rho}_1$,310,0.809677419355
kernel k-groups $\rho_{1}$,310,0.754838709677
kernel k-groups $\rho_{1/2}$,310,0.796774193548
kernel k-groups $\widetilde{\rho}_{1}$,310,0.887096774194
k-means,320,0.721875
gmm,320,0.703125
spectral clustering $\widetilde{\rho}_1$,320,0.86875
kernel k-groups $\rho_{1}$,320,0.83125
kernel k-groups $\rho_{1/2}$,320,0.88125
kernel k-groups $\widetilde{\rho}_{1}$,320,0.903125
k-means,330,0.657575757576
gmm,330,0.745454545455
spectral clustering $\widetilde{\rho}_1$,330,0.80303030303
kernel k-groups $\rho_{1}$,330,0.754545454545
kernel k-groups $\rho_{1/2}$,330,0.778787878788
kernel k-groups $\widetilde{\rho}_{1}$,330,0.875757575758
k-means,340,0.714705882353
gmm,340,0.764705882353
spectral clustering $\widetilde{\rho}_1$,340,0.8
kernel k-groups $\rho_{1}$,340,0.741176470588
kernel k-groups $\rho_{1/2}$,340,0.797058823529
kernel k-groups $\widetilde{\rho}_{1}$,340,0.858823529412
k-means,350,0.685714285714
gmm,350,0.785714285714
spectral clustering $\widetilde{\rho}_1$,350,0.848571428571
kernel k-groups $\rho_{1}$,350,0.765714285714
kernel k-groups $\rho_{1/2}$,350,0.837142857143
kernel k-groups $\widetilde{\rho}_{1}$,350,0.88
k-means,360,0.683333333333
gmm,360,0.811111111111
spectral clustering $\widetilde{\rho}_1$,360,0.797222222222
kernel k-groups $\rho_{1}$,360,0.813888888889
kernel k-groups $\rho_{1/2}$,360,0.863888888889
kernel k-groups $\widetilde{\rho}_{1}$,360,0.880555555556
k-means,370,0.605405405405
gmm,370,0.710810810811
spectral clustering $\widetilde{\rho}_1$,370,0.851351351351
kernel k-groups $\rho_{1}$,370,0.732432432432
kernel k-groups $\rho_{1/2}$,370,0.808108108108
kernel k-groups $\widetilde{\rho}_{1}$,370,0.889189189189
k-means,380,0.715789473684
gmm,380,0.752631578947
spectral clustering $\widetilde{\rho}_1$,380,0.844736842105
kernel k-groups $\rho_{1}$,380,0.778947368421
kernel k-groups $\rho_{1/2}$,380,0.815789473684
kernel k-groups $\widetilde{\rho}_{1}$,380,0.897368421053
k-means,390,0.641025641026
gmm,390,0.710256410256
spectral clustering $\widetilde{\rho}_1$,390,0.771794871795
kernel k-groups $\rho_{1}$,390,0.679487179487
kernel k-groups $\rho_{1/2}$,390,0.735897435897
kernel k-groups $\widetilde{\rho}_{1}$,390,0.858974358974
k-means,400,0.74
gmm,400,0.7675
spectral clustering $\widetilde{\rho}_1$,400,0.83
kernel k-groups $\rho_{1}$,400,0.8325
kernel k-groups $\rho_{1/2}$,400,0.87
kernel k-groups $\widetilde{\rho}_{1}$,400,0.87
